 //리소스이름,//클래스아이디,"//팀(0:지정안함, 1:CT, 2:TR)","//성별(0:없음, 1:남자, 2:여자)","//모드(0:일반, 1:모드전용)",// 월드모델,// 뷰모델(손모델),// 어태치먼트 설정,// 헤어 컬러,// 캐릭터타입,// 로비 무기 선택 사운드,// 로비 캐릭터 선택 사운드,// 로비 게임 시작 사운드,,
resname,classid,team,gender,mod,worldmodel,viewmodel,attachments,haircolor,character_type,lobby_snd_wpn,lobby_snd_char,lobby_snd_start,ban_attach,custom_skins
,,,,,,,,,,,,,,
// 대테러,,,,,,,,,,,,,,
gign,1,1,1,0,models/player/ct_gign/ct_gign.mdl,models/player/ct_gign/hand/hand_gign.mdl,gign_helmet; gign_glove; gign_mask,21;10;6,human,,,,,
sas,2,1,1,0,models/player/ct_sas/ct_sas.mdl,models/player/ct_sas/hand/hand_sas.mdl,sas_helmet; sas_glove; sas_hud;sas_backpack,185;93;44,human,,,,,
sas01,3,1,1,0,models/player/ct_sas01/ct_sas01.mdl,models/player/ct_sas01/hand/hand_sas01.mdl,sas01_glove,185;93;44,human,,,,hat,
sas02,4,1,1,0,models/player/ct_sas02/ct_sas02.mdl,models/player/ct_sas02/hand/hand_sas02.mdl,sas02_hat; sas02_glove,185;93;44,human,,,,,
lisa,5,1,2,0,models/player/ct_lisa/ct_lisa.mdl,models/player/ct_lisa/hand/hand_lisa.mdl,,15;8;7,human,,,,,
lisa01,6,1,2,0,models/player/ct_lisa01/ct_lisa01.mdl,models/player/ct_lisa01/hand/hand_lisa01.mdl,lisa01_glove,15;8;7,human,,,,,
lisa02swim,7,1,2,0,models/player/ct_lisa02/ct_lisa02.mdl,models/player/ct_lisa02/hand/hand_lisa02.mdl,,15;8;7,human,,,,,
lisa03xmas,8,1,2,0,models/player/ct_lisa03/ct_lisa03.mdl,models/player/ct_lisa03/hand/hand_lisa03.mdl,lisa03_glove ; lisa03_hat,15;8;7,human,,,,,
michael,9,1,1,0,models/player/ct_michael/ct_michael.mdl,models/player/ct_michael/hand/hand_michael.mdl,michael_hair; michael_sunglass,22;13;11,human,,,,,
707,10,1,1,0,models/player/ct_707/ct_707.mdl,models/player/ct_707/hand/hand_707.mdl,707_helmet; 707_glove; 707_mask,15;11;8,human,,,,,
kenji,11,1,1,0,models/player/ct_kenji/ct_kenji.mdl,models/player/ct_kenji/hand/hand_kenji.mdl,kenji_helmet; kenji_glove,15;11;8,human,Kenji.WeaponSelect,Kenji.CharacterSelect,Kenji.GameStart,,
mari,12,1,2,0,models/player/ct_mari/ct_mari.mdl,models/player/ct_mari/hand/hand_mari.mdl,mari_glove,18;15;18,human,Marie.WeaponSelect,Marie.CharacterSelect,Marie.GameStart,,"color01(models/player/ct_mari/ct_mari_color_01, models/player/ct_mari/hand/ct_mari_hand_color01);"
mari01,13,1,2,0,models/player/ct_mari01/ct_mari01.mdl,models/player/ct_mari01/hand/hand_mari01.mdl,mari01_glove; mari01_hud,18;15;18,human,Marie.WeaponSelect,Marie.CharacterSelect,Marie.GameStart,,
emma ,14,1,2,0,models/player/ct_emma/ct_emma.mdl,models/player/ct_emma/hand/hand_emma.mdl,emma_glove,97;36;26,human,Emma.WeaponSelect,Emma.CharacterSelect,Emma.GameStart,,
emma02swim,15,1,2,0,models/player/ct_emma02swim/ct_emma02swim.mdl,models/player/ct_emma02swim/hand/hand_emma02swim.mdl,,97;36;26,human,Emma.WeaponSelect,Emma.CharacterSelect,Emma.GameStart,,
lincoln,16,1,1,0,models/player/ct_lincoln/ct_lincoln.mdl,models/player/ct_lincoln/hand/hand_lincoln.mdl,lincoln_glove,131;111;98,human,Linclon.WeaponSelect,Linclon.CharacterSelect,Linclon.GameStart,,
GSG,17,1,1,0,models/player/ct_GSG/ct_GSG.mdl,models/player/ct_GSG/hand/hand_gsg.mdl,GSG_glove; GSG_mask,255;112;30,human,Victor.WeaponSelect,Victor.CharacterSelect,Victor.GameStart,,
carrie,18,1,2,0,models/player/ct_carrie/ct_carrie.mdl,models/player/ct_carrie/hand/hand_carrie.mdl,carrie_glove,23;12;9,human,Carrie.WeaponSelect,Carrie.CharacterSelect,Carrie.GameStart,,
carrie01,19,1,2,0,models/player/ct_carrie01/ct_carrie01.mdl,models/player/ct_carrie01/hand/hand_carrie01.mdl,carrie01_sunglass; carrie01_glove,23;12;9,human,Carrie.WeaponSelect,Carrie.CharacterSelect,Carrie.GameStart,,
choi,20,1,2,0,models/player/ct_choi/ct_choi.mdl,models/player/ct_choi/hand/hand_choi.mdl,,13;12;14,human,ChoiJiYun.WeaponSelect,ChoiJiYun.CharacterSelect,ChoiJiYun.GameStart,,"color01(models/player/ct_choi/ct_choi_color_01, models/player/ct_choi/hand/ct_choi_hand_color01);"
choi01 ,21,1,2,0,models/player/ct_choi01/ct_choi01.mdl,models/player/ct_choi01/hand/hand_choi01.mdl,,13;12;14,human,ChoiJiYun.WeaponSelect,ChoiJiYun.CharacterSelect,ChoiJiYun.GameStart,,
choi02 ,22,1,2,0,models/player/ct_choi02/ct_choi02.mdl,models/player/ct_choi02/hand/hand_choi02.mdl,choi02_glass; choi02_glove,13;12;14,human,ChoiJiYun.WeaponSelect,ChoiJiYun.CharacterSelect,ChoiJiYun.GameStart,,
helga,23,1,2,0,models/player/ct_helga/ct_helga.mdl,models/player/ct_helga/hand/hand_helga.mdl,helga_hat; helga_glove,255;200;130,human,Helga.WeaponSelect,Helga.CharacterSelect,Helga.GameStart,,
helga01xmas,24,1,2,0,models/player/ct_helga01xmas/ct_helga01.mdl,models/player/ct_helga01xmas/hand/hand_helga01.mdl,helga01_glove,255;200;130,human,Helga.WeaponSelect,Helga.CharacterSelect,Helga.GameStart,,
heather,25,1,2,0,models/player/ct_heather/ct_heather.mdl,models/player/ct_heather/hand/hand_heather.mdl,heather_glove,255;165;100,human,Heather.WeaponSelect,Heather.CharacterSelect,Heather.GameStart,,
kwan,26,1,1,0,models/player/ct_kwan/ct_kwan.mdl,models/player/ct_kwan/hand/hand_kwan.mdl,kwan_helmet; kwan_glove,21;10;6,human,Kwan.WeaponSelect,Kwan.CharacterSelect,Kwan.GameStart,,
miu,27,1,2,0,models/player/ct_miu/ct_miu.mdl,models/player/ct_miu/hand/hand_miu.mdl,miu_glove,38;9;7,human,Miu.WeaponSelect,Miu.CharacterSelect,Miu.GameStart,,
miu01,28,1,2,0,models/player/ct_miu01/ct_miu01.mdl,models/player/ct_miu01/hand/hand_miu01.mdl,miu01_glass,38;9;7,human,Miu.WeaponSelect,Miu.CharacterSelect,Miu.GameStart,,
ct_miya,200,1,2,0,models/player/ct_tfa_sa2/ct_tfa_sa2.mdl,models/player/ct_emma/hand/hand_emma.mdl,helga_glove,,human,,,,hair;hat;hud;mask;head;back;glass,
ct_2b,201,1,2,0,models/player/ct_2b/ct_2b.mdl,models/player/ct_2b/hand/hand_2b.mdl,,,human,,,,hair;hat;glove;hud;mask;head;back;glass,
ct_marie rose,202,1,2,0,models/player/ct_marie rose/ct_marie rose.mdl,models/player/ct_marie rose/hand/hand_marie rose.mdl,,,human,,,,hair;hat;glove;hud;mask;head;back;glass,
ct_st6,203,1,1,0,models/player/ct_st6/ct_st6.mdl,models/player/ct_st6/hand/hand_st6.mdl,,,human,,,,hair;hat;glove;hud;mask;head;back;glass,
ct_miku,204,1,2,0,models/player/ct_miku/ct_miku.mdl,models/player/ct_miku/hand/hand_miku.mdl,,,human,,,,hair;hat;glove;hud;mask;head;back;glass,
ct_chushuang,205,1,2,0,models/player/ct_chushuang/ct_chushuang.mdl,models/player/ct_chushuang/hand/hand_chushuang.mdl,,,human,,,,hair;hat;glove;hud;mask;head;back;glass,
ct_leimu,206,1,2,0,models/player/ct_Leimu/ct_leimu.mdl,models/player/ct_Leimu/hand/hand_leimu.mdl,,,human,,,,hair;hat;glove;hud;mask;head;back;glass,
ct_ysbbl,207,1,2,0,models/player/ct_ysbbl/ct_ysbbl.mdl,models/player/ct_ysbbl/hand/hand_ysbbl.mdl,,,human,,,,hair;hat;glove;hud;mask;head;back;glass,
ct_keqing,208,1,2,0,models/player/ct_keqing/ct_keqing.mdl,models/player/ct_keqing/hand/hand_keqing.mdl,,,human,,,,hair;hat;glove;hud;mask;head;back;glass,
ct_tianyi01,209,1,2,0,models/player/ct_tianyi01/ct_tianyi01.mdl,models/player/ct_tianyi01/hand/hand_tianyi01.mdl,,,human,,,,hair;hat;glove;hud;mask;head;back;glass,
ct_touhou,210,1,2,0,models/player/ct_touhou/ct_touhou.mdl,models/player/ct_touhou/hand/hand_touhou.mdl,,,human,,,,hair;hat;glove;hud;mask;head;back;glass,
ct_tifa,211,1,2,0,models/player/ct_tifa/ct_tifa.mdl,models/player/ct_tifa/hand/hand_tifa.mdl,,,human,,,,hair;hat;glove;hud;mask;head;back;glass,
tr_raidenshogun,212,1,2,0,models/player/tr_raidenshogun/tr_raidenshogun.mdl,models/player/tr_raidenshogun/hand/hand_raidenshogun.mdl,,,human,,,,hair;hat;glove;hud;mask;head;back;glass,
tr_raiden,213,1,1,0,models/player/tr_raiden/tr_raiden.mdl,models/player/tr_raiden/hand/hand_raiden.mdl,,,human,,,,hair;hat;glove;hud;mask;head;back;glass,
tr_ghost,214,1,1,0,models/player/tr_ghost/tr_ghost.mdl,models/player/tr_ghost/hand/hand_ghost.mdl,,,human,,,,hair;hat;glove;hud;mask;head;back;glass,
ct_cc,215,1,2,0,models/player/ct_cc/ct_cc.mdl,models/player/ct_cc/hand/hand_cc.mdl,,,human,,,,hair;hat;glove;hud;mask;head;back;glass,
ct_lelouch,216,1,1,0,models/player/ct_lelouch/ct_lelouch.mdl,models/player/ct_lelouch/hand/hand_lelouch.mdl,,,human,,,,hair;hat;glove;hud;mask;head;back;glass,
tr_huaji,217,1,1,0,models/player/tr_huaji/tr_huaji.mdl,models/player/tr_huaji/hand/hand_huaji.mdl,,,human,,,,hair;hat;glove;hud;mask;head;back;glass,
ct_jcms,218,1,2,0,models/player/ct_jcms/ct_jcms.mdl,models/player/ct_jcms/hand/hand_jcms.mdl,,,human,,,,hair;hat;glove;hud;mask;head;back;glass,
ct_MZBY,219,1,2,0,models/player/ct_MZBY/ct_MZBY.mdl,models/player/ct_MZBY/hand/hand_MZBY.mdl,,,human,,,,hair;hat;glove;hud;mask;head;back;glass,
ct_ysbblskin,220,1,2,0,models/player/ct_ysbblskin/ct_ysbblskin.mdl,models/player/ct_ysbblskin/hand/hand_ysbblskin.mdl,,,human,,,,hair;hat;glove;hud;mask;head;back;glass,
ct_UMP45,221,1,2,0,models/player/ct_UMP45new/ct_UMP45new.mdl,models/player/ct_UMP45new/hand/hand_UMP45new.mdl,,,human,,,,hair;hat;glove;hud;mask;head;back;glass,
ct_ump9,222,1,2,0,models/player/ct_ump9/ct_ump9.mdl,models/player/ct_ump9/hand/hand_ump9.mdl,,,human,,,,hair;hat;glove;hud;mask;head;back;glass,
ct_slqn,223,1,2,0,models/player/ct_slqn/ct_slqn.mdl,models/player/ct_slqn/hand/hand_slqn.mdl,,,human,,,,hair;hat;glove;hud;mask;head;back;glass,
tr_smn1,224,1,2,0,models/player/tr_smn1/tr_smn1.mdl,models/player/tr_smn1/hand/hand_smn1.mdl,,,human,,,,hair;hat;glove;hud;mask;head;back;glass,
tr_syz,225,1,2,0,models/player/tr_syz/tr_syz.mdl,models/player/ct_gulaYz/hand/hand_gulayz.mdl,,,human,,,,hair;hat;glove;hud;mask;head;back;glass,
tr_jiaran,226,1,2,0,models/player/tr_jiaran/tr_jiaran.mdl,models/player/tr_jiaran/hand/hand_jiaran.mdl,,,human,,,,hair;hat;glove;hud;mask;head;back;glass,
ct_gula,227,1,2,0,models/player/ct_gula/ct_gula.mdl,models/player/ct_gula/hand/hand_gula.mdl,,,human,,,,hair;hat;glove;hud;mask;head;back;glass,
ct_gulaYz,228,1,2,0,models/player/ct_gulaYz/ct_gulaYz.mdl,models/player/ct_gulaYz/hand/hand_gulayz.mdl,,,human,,,,hair;hat;glove;hud;mask;head;back;glass,
ct_Shimakaze,229,1,2,0,models/player/ct_Shimakaze/ct_Shimakaze.mdl,models/player/ct_Shimakaze/hand/hand_shimakaze.mdl,,,human,,,,hair;hat;glove;hud;mask;head;back;glass,
tr_amelia,230,1,2,0,models/player/tr_amelia/tr_amelia.mdl,models/player/tr_amelia/hand/hand_amelia.mdl,,,human,,,,hair;hat;glove;hud;mask;head;back;glass,
ct_nekoha,231,1,2,0,models/player/ct_nekoha/ct_nekoha.mdl,models/player/ct_nekoha/hand/hand_nekoha.mdl,,,human,,,,hair;hat;glove;hud;mask;head;back;glass,
ct_SAOTR,232,1,1,0,models/player/ct_SAOTR/ct_SAOTR.mdl,models/player/ct_SAOTR/hand/hand_SAOTR.mdl,,,human,,,,hair;hat;glove;hud;mask;head;back;glass,
ct_ejtct,233,1,2,0,models/player/ct_ejtct/ct_ejtct.mdl,models/player/ct_ejtct/hand/hand_ejtct.mdl,,,human,,,,hair;hat;glove;hud;mask;head;back;glass,
ct_jiegeng,234,1,2,0,models/player/ct_jiegeng/ct_jiegeng.mdl,models/player/ct_jiegeng/hand/hand_jiegeng.mdl,,,human,,,,hair;hat;glove;hud;mask;head;back;glass,
ct_slbz,235,1,2,0,models/player/ct_slbz/ct_slbz.mdl,models/player/ct_slbz/hand/hand_slbz.mdl,,,human,,,,hair;hat;glove;hud;mask;head;back;glass,
ct_syact,236,1,2,0,models/player/ct_syact/ct_syact.mdl,models/player/ct_syact/hand/hand_syact.mdl,,,human,,,,hair;hat;glove;hud;mask;head;back;glass,
ct_lmly,237,1,2,0,models/player/ct_lmly/ct_lmly.mdl,models/player/ct_lmly/hand/hand_lmly.mdl,,,human,,,,hair;hat;glove;hud;mask;head;back;glass,
ct_LingMeng2,238,1,2,0,models/player/ct_LingMeng2/ct_LingMeng2.mdl,models/player/ct_LingMeng2/hand/hand_LingMeng2.mdl,,,human,,,,hair;hat;glove;hud;mask;head;back;glass,
ct_toki,239,1,2,0,models/player/ct_toki/ct_toki.mdl,models/player/ct_toki/hand/hand_toki.mdl,,,human,,,,hair;hat;glove;hud;mask;head;back;glass,
ct_miyako,240,1,2,0,models/player/ct_miyako/ct_miyako.mdl,models/player/ct_miyako/hand/hand_miyako.mdl,,,human,,,,hair;hat;glove;hud;mask;head;back;glass,
ct_iori,241,1,2,0,models/player/ct_iori/ct_iori.mdl,models/player/ct_iori/hand/hand_iori.mdl,,,human,,,,hair;hat;glove;hud;mask;head;back;glass,
Foxhowl_Renewal_BL,202,1,2,0,models/player/CF/Foxhowl_Renewal_BL.mdl,models/player/tr_beidao/hand/hand_beidao.mdl,mari_glove,18;15;18,human,Marie.WeaponSelect,Marie.CharacterSelect,Marie.GameStart,,"color01(models/player/ct_mari/ct_mari_color_01, models/player/ct_mari/hand/ct_mari_hand_color01);"
,,,,,,,,,,,,,,
,,,,,,,,,,,,,,
,,,,,,,,,,,,,,
,,,,,,,,,,,,,,
,,,,,,,,,,,,,,
,,,,,,,,,,,,,,
,,,,,,,,,,,,,,
,,,,,,,,,,,,,,
,,,,,,,,,,,,,,
,,,,,,,,,,,,,,
// 테러리스트 ,,,,,,,,,,,,,,
arctic,51,2,1,0,models/player/tr_arctic/tr_arctic.mdl,models/player/tr_arctic/hand/hand_arctic.mdl,arctic_hat; arctic_hair; arctic_glove; arctic_goggles,17;9;7,human,,,,,
leet,52,2,1,0,models/player/tr_leet/tr_leet.mdl,models/player/tr_leet/hand/hand_leet.mdl,leet_hair; leet_glove; leet_sunglass,21;20;20,human,,,,,
leet01,53,2,1,0,models/player/tr_leet01/tr_leet01.mdl,models/player/tr_leet01/hand/hand_leet01.mdl,leet01_glove,21;20;20,human,,,,hat,
arctic01,54,2,1,0,models/player/tr_arctic01/tr_arctic01.mdl,models/player/tr_arctic01/hand/hand_arctic01.mdl,arctic01_hat; arctic01_hair; arctic01_glove; arctic01_goggles,17;9;7,human,,,,,
mila,55,2,2,0,models/player/tr_mila/tr_mila.mdl,models/player/tr_mila/hand/hand_mila.mdl,mila_glove,255;180;120,human,,,,,
mila01,56,2,2,0,models/player/tr_mila01/tr_mila01.mdl,models/player/tr_mila01/hand/hand_mila01.mdl,mila01_helmet,255;180;120,human,,,,,
mila02swim,57,2,2,0,models/player/tr_mila02/tr_mila02.mdl,models/player/tr_mila02/hand/hand_mila02.mdl,,255;180;120,human,,,,,
mila03xmas,58,2,2,0,models/player/tr_mila03/tr_mila03.mdl,models/player/tr_mila03/hand/hand_mila03.mdl ,mila03_glove; mila03_hat,255;180;120,human,,,,,
karachenko,59,2,1,0,models/player/tr_karachenko/tr_karachenko.mdl,models/player/tr_karachenko/hand/hand_karachenko.mdl,karachenko_hair; karachenko_glove,29;13;7,human,,,,,
ara,60,2,1,0,models/player/tr_ara/tr_ara.mdl,models/player/tr_ara/hand/hand_ara.mdl,,15;11;8,human,,,,,
joe,61,2,1,0,models/player/tr_joe/tr_joe.mdl,models/player/tr_joe/hand/hand_joe.mdl,joe_hair; joe_glove; joe_sunglass,29;13;7,human,Joe.WeaponSelect,Joe.CharacterSelect,Joe.GameStart,,
natary,62,2,2,0,models/player/tr_natary/tr_natary.mdl,models/player/tr_natary/hand/hand_natary.mdl,natary_glove,255;35;20,human,Natalie.WeaponSelect,Natalie.CharacterSelect,Natalie.GameStart,,
natary01,63,2,2,0,models/player/tr_natary01/tr_natary01.mdl,models/player/tr_natary01/hand/hand_natary01.mdl,,255;35;20,human,Natalie.WeaponSelect,Natalie.CharacterSelect,Natalie.GameStart,,
tammy,64,2,2,0,models/player/tr_tammy/tr_tammy.mdl,models/player/tr_tammy/hand/hand_tammy.mdl,tammy_glove,255;20;117,human,Tammy.WeaponSelect,Tammy.CharacterSelect,Tammy.GameStart,,"color01(models/player/tr_tammy/tr_tammy_color_01, models/player/tr_tammy/hand/tr_tammy_hand_color01);"
tammy02swim,65,2,2,0,models/player/tr_tammy02swim/tr_tammy02swim.mdl,models/player/tr_tammy02swim/hand/hand_tammy02swim.mdl,tammy02swim_glove; tammy02swim_hat,255;20;117,human,Tammy.WeaponSelect,Tammy.CharacterSelect,Tammy.GameStart,,"color01(models/player/tr_tammy/tr_tammy_color_01, models/player/tr_tammy/hand/tr_tammy_hand_color01);"
mao,66,2,1,0,models/player/tr_mao/tr_mao.mdl,models/player/tr_mao/hand/hand_mao.mdl,mao_glove;mao_hat,15;11;8,human,Mao.WeaponSelect,Mao.CharacterSelect,Mao.GameStart,,
phoenix,67,2,1,0,models/player/tr_phoenix/tr_phoenix.mdl,models/player/tr_phoenix/hand/hand_phoenix.mdl,phoenix_glove ; phoenix_mask,116;116;112,human,Niko.WeaponSelect,Niko.CharacterSelect,Niko.GameStart,,
viper,68,2,2,0,models/player/tr_viper/tr_viper.mdl,models/player/tr_viper/hand/hand_viper.mdl,viper_glove,25;15;10,human,Viper.WeaponSelect,Viper.CharacterSelect,Viper.GameStart,,
viper01,69,2,2,0,models/player/tr_viper01/tr_viper01.mdl,models/player/tr_viper01/hand/hand_viper01.mdl,viper01_glove; viper01_back,25;15;10,human,Viper.WeaponSelect,Viper.CharacterSelect,Viper.GameStart,,
yuri,70,2,2,0,models/player/tr_yuri/tr_yuri.mdl,models/player/tr_yuri/hand/hand_yuri.mdl,,38;9;6,human,Yuri.WeaponSelect,Yuri.CharacterSelect,Yuri.GameStart,,"color01(models/player/tr_yuri/tr_yuri_color_01, models/player/tr_yuri/hand/tr_yuri_hand_color01);"
yuri01,71,2,2,0,models/player/tr_yuri01/tr_yuri01.mdl,models/player/tr_yuri01/hand/hand_yuri01.mdl,yuri01_glove,38;9;6,human,Yuri.WeaponSelect,Yuri.CharacterSelect,Yuri.GameStart,,
yuri02,72,2,2,0,models/player/tr_yuri02/tr_yuri02.mdl,models/player/tr_yuri02/hand/hand_yuri02.mdl,yuri02_glove,38;9;6,human,Yuri.WeaponSelect,Yuri.CharacterSelect,Yuri.GameStart,,
white,73,2,2,0,models/player/tr_white/tr_white.mdl,models/player/tr_white/hand/hand_white.mdl,white_glove,180;184;200,human,Naomi.WeaponSelect,Naomi.CharacterSelect,Naomi.GameStart,,
white01xmas,74,2,2,0,models/player/tr_white01/tr_white01.mdl,models/player/tr_white01/hand/hand_white01.mdl,white01_glove,180;184;200,human,Naomi.WeaponSelect,Naomi.CharacterSelect,Naomi.GameStart,,
sonya,75,2,2,0,models/player/tr_sonya/tr_sonya.mdl,models/player/tr_sonya/hand/hand_sonya.mdl,sonya_glove; sonya_hat,255;165;100,human,Sonya.WeaponSelect,Sonya.CharacterSelect,Sonya.GameStart,,
hasan,76,2,1,0,models/player/tr_hasan/tr_hasan.mdl,models/player/tr_hasan/hand/hand_hasan.mdl,,29;13;7,human,Hasan.WeaponSelect,Hasan.CharacterSelect,Hasan.GameStart,,
athena,77,2,2,0,models/player/tr_athena/tr_athena.mdl,models/player/tr_athena/hand/hand_athena.mdl,athena_glove,255;168;132,human,Athena.WeaponSelect,Athena.CharacterSelect,Athena.GameStart,,
athena01,78,2,2,0,models/player/tr_athena01/tr_athena01.mdl,models/player/tr_athena01/hand/hand_athena01.mdl,athena01_glove,255;168;132,human,Athena.WeaponSelect,Athena.CharacterSelect,Athena.GameStart,,
mofa,300,2,2,0,models/player/egg/tr_mofa.mdl,models/player/ct_emma/hand/hand_emma.mdl,helga_glove,,human,,,,hair;hat;glove;hud;mask;head;back;glass,
tr_miya,301,2,2,0,models/player/tr_tfa_sa2/tr_tfa_sa2.mdl,models/player/ct_emma/hand/hand_emma.mdl,viper01_glove,,human,,,,hair;hat;hud;mask;head;back;glass,
tr_new_leet,302,2,1,0,models/player/tr_new_leet/tr_new_leet.mdl,models/player/tr_new_leet/hand/hand_new_leet.mdl,,,human,,,,hair;hat;glove;hud;mask;head;back;glass,
tr_qipao,303,2,2,0,models/player/tr_qipao01/tr_qipao01.mdl,models/player/tr_qipao01/hand/hand_qipao01.mdl,,,human,,,,hair;hat;glove;hud;mask;head;back;glass,
tr_haku,304,2,2,0,models/player/tr_haku/tr_haku.mdl,models/player/tr_haku/hand/hand_haku.mdl,,,human,,,,hair;hat;glove;hud;mask;head;back;glass,
tr_san,305,2,2,0,models/player/tr_san/tr_san.mdl,models/player/tr_san/hand/hand_san.mdl,,,human,,,,hair;hat;glove;hud;mask;head;back;glass,
tr_ysht,306,2,2,0,models/player/tr_ysht/tr_ysht.mdl,models/player/tr_ysht/hand/hand_ysht.mdl,,,human,,,,hair;hat;glove;hud;mask;head;back;glass,
tr_klee,307,2,2,0,models/player/tr_klee/tr_klee.mdl,models/player/tr_klee/hand/hand_klee.mdl,,,human,,,,hair;hat;glove;hud;mask;head;back;glass,
tr_fanzhou,308,2,2,0,models/player/tr_fanzhou/tr_fanzhou.mdl,models/player/tr_fanzhou/hand/hand_fanzhou.mdl,,,human,,,,hair;hat;glove;hud;mask;head;back;glass,
tr_tina,309,2,2,0,models/player/tr_tina/tr_tina.mdl,models/player/tr_tina/hand/hand_tina.mdl,,,human,,,,hair;hat;glove;hud;mask;head;back;glass,
tr_shiro,310,2,2,0,models/player/tr_shiro/tr_shiro.mdl,models/player/tr_shiro/hand/hand_shiro.mdl,,,human,,,,hair;hat;glove;hud;mask;head;back;glass,
tr_cxk,311,2,1,0,models/player/tr_cxk/tr_cxk.mdl,models/player/tr_cxk/hand/hand_cxk.mdl,,,human,,,,hair;hat;glove;hud;mask;head;back;glass,
tr_kokoro,312,2,2,0,models/player/tr_kokoro/tr_kokoro.mdl,models/player/tr_kokoro/hand/hand_kokoro.mdl,,,human,,,,hair;hat;glove;hud;mask;head;back;glass,
tr_djysn,313,2,2,0,models/player/tr_djysn/tr_djysn.mdl,models/player/tr_djysn/hand/hand_djysn.mdl,,,human,,,,hair;hat;glove;hud;mask;head;back;glass,
tr_alice,314,2,2,0,models/player/tr_alice/tr_alice.mdl,models/player/tr_alice/hand/hand_alice.mdl,,,human,,,,hair;hat;glove;hud;mask;head;back;glass,
ct_yslh,315,2,2,0,models/player/ct_yslh/ct_yslh.mdl,models/player/ct_yslh/hand/hand_yslh.mdl,,,human,,,,hair;hat;glove;hud;mask;head;back;glass,
ct_KL,316,2,2,0,models/player/ct_KL/ct_KL.mdl,models/player/ct_KL/hand/hand_kl.mdl,,,human,,,,hair;hat;glove;hud;mask;head;back;glass,
ct_chocola,317,2,2,0,models/player/ct_chocola/ct_chocola.mdl,models/player/ct_chocola/hand/hand_chocola.mdl,,,human,,,,hair;hat;glove;hud;mask;head;back;glass,
ct_smnct,318,2,2,0,models/player/ct_smnct/ct_smnct.mdl,models/player/ct_smnct/hand/hand_smnct.mdl,,,human,,,,hair;hat;glove;hud;mask;head;back;glass,
tr_vanilla,319,2,2,0,models/player/tr_vanilla/tr_vanilla.mdl,models/player/tr_vanilla/hand/hand_vanilla.mdl,,,human,,,,hair;hat;glove;hud;mask;head;back;glass,
tr_symx,320,2,2,0,models/player/tr_symx/tr_symx.mdl,models/player/tr_symx/hand/hand_symx.mdl,,,human,,,,hair;hat;glove;hud;mask;head;back;glass,
ct_jsnct,321,2,2,0,models/player/ct_jsnct/ct_jsnct.mdl,models/player/ct_jsnct/hand/hand_jsnct.mdl,,,human,,,,hair;hat;glove;hud;mask;head;back;glass,
tr_Aqua,322,2,2,0,models/player/tr_aqua/tr_aqua.mdl,models/player/tr_aqua/hand/hand_aqua.mdl,,,human,,,,hair;hat;glove;hud;mask;head;back;glass,
tr_beidao,323,2,2,0,models/player/tr_beidao/tr_beidao.mdl,models/player/tr_beidao/hand/hand_beidao.mdl,,,human,,,,hair;hat;glove;hud;mask;head;back;glass,
tr_jsntr,324,2,2,0,models/player/tr_jsntr/tr_jsntr.mdl,models/player/tr_jsntr/hand/hand_jsntr.mdl,,,human,,,,hair;hat;glove;hud;mask;head;back;glass,
tr_ludao,325,2,2,0,models/player/tr_ludao/tr_ludao.mdl,models/player/tr_ludao/hand/hand_ludao.mdl,,,human,,,,hair;hat;glove;hud;mask;head;back;glass,
tr_dfqln,326,2,2,0,models/player/tr_dfqln/tr_dfqln.mdl,models/player/tr_dfqln/hand/hand_dfqln.mdl,,,human,,,,hair;hat;glove;hud;mask;head;back;glass,
tr_GameBai,327,2,2,0,models/player/tr_GameBai/tr_GameBai.mdl,models/player/tr_GameBai/hand/hand_GameBai.mdl,,,human,,,,hair;hat;glove;hud;mask;head;back;glass,
tr_Hayase,328,2,2,0,models/player/tr_Hayase/tr_Hayase.mdl,models/player/tr_Hayase/hand/hand_Hayase.mdl,,,human,,,,hair;hat;glove;hud;mask;head;back;glass,
tr_xiana,329,2,2,0,models/player/tr_xiana/tr_xiana.mdl,models/player/tr_xiana/hand/hand_xiana.mdl,,,human,,,,hair;hat;glove;hud;mask;head;back;glass,
tr_xxxem,330,2,2,0,models/player/tr_xxxem/tr_xxxem.mdl,models/player/tr_xxxem/hand/hand_xxxem.mdl,,,human,,,,hair;hat;glove;hud;mask;head;back;glass,
tr_fldl,331,2,2,0,models/player/tr_fldl/tr_fldl.mdl,models/player/tr_fldl/hand/hand_fldl.mdl,,,human,,,,hair;hat;glove;hud;mask;head;back;glass,
tr_xzhys,332,2,2,0,models/player/tr_xzhys/tr_xzhys.mdl,models/player/tr_xzhys/hand/hand_xzhys.mdl,,,human,,,,hair;hat;glove;hud;mask;head;back;glass,
tr_LingMeng,333,2,2,0,models/player/tr_LingMeng/tr_LingMeng.mdl,models/player/tr_LingMeng/hand/hand_LingMeng.mdl,,,human,,,,hair;hat;glove;hud;mask;head;back;glass,
tr_asuna,334,2,2,0,models/player/tr_asuna/tr_asuna.mdl,models/player/tr_asuna/hand/hand_asuna.mdl,,,human,,,,hair;hat;glove;hud;mask;head;back;glass,
tr_karin,335,2,2,0,models/player/tr_karin/tr_karin.mdl,models/player/tr_karin/hand/hand_karin.mdl,,,human,,,,hair;hat;glove;hud;mask;head;back;glass,
tr_hanako,336,2,2,0,models/player/tr_hanako/tr_hanako.mdl,models/player/tr_hanako/hand/hand_hanako.mdl,,,human,,,,hair;hat;glove;hud;mask;head;back;glass,
,,,,,,,,,,,,,,
,,,,,,,,,,,,,,
,,,,,,,,,,,,,,
,,,,,,,,,,,,,,
,,,,,,,,,,,,,,
,,,,,,,,,,,,,,
// 모드 전용 - mod 값이 1이면 실행시 로드하지 않습니다.,,,,,,,,,,,,,,
bluepig,101,1,0,1,models/player/nt_pig/nt_bluepig.mdl,,,,pig,,,,hair;hat;hud;mask;head;back;glass,
redpig,102,2,0,1,models/player/nt_pig/nt_redpig.mdl,,,,pig,,,,hair;hat;hud;mask;head;back;glass,
zombienormalm,103,0,1,1,models/zombie/normal/zombie_normal.mdl,models/zombie/normal/hand/hand_zombie_normal.mdl,,,zombie_normal,,,,hair;hat;hud;mask;head;back;glass,
zombiehostm,104,0,1,1,models/zombie/normalhost/zombie_normalhost.mdl,models/zombie/normalhost/hand/hand_zombie_normalhost.mdl,,,zombie_host,,,,hair;hat;hud;mask;head;back;glass,
zombienormalf,105,0,2,1,models/zombie/normal_f/zombie_normal_f.mdl,models/zombie/normal_f/hand/hand_zombie_normal_f.mdl,,,zombie_normal,,,,hair;hat;hud;mask;head;back;glass,
zombiehostf,106,0,2,1,models/zombie/normalhost_f/zombie_normalhost_f.mdl,models/zombie/normalhost_f/hand/hand_zombie_normalhost_f.mdl,,,zombie_host,,,,hair;hat;hud;mask;head;back;glass,
evy,107,0,2,1,models/player/mabi_evy/mabi_evy01.mdl,models/player/mabi_evy/hand/hand_evy01.mdl,,,human,,,,hair;hat;hud;mask;head;back;glass,
evy2,108,0,2,1,models/player/mabi_evy/mabi_evy02.mdl,models/player/mabi_evy/hand/hand_evy02.mdl,,,human,,,,hair;hat;hud;mask;head;back;glass,
hurk,109,0,1,1,models/player/MABI_hurk/mabi_hurk01.mdl,models/player/MABI_hurk/hand/hand_hurk01.mdl,,,human,,,,hair;hat;hud;mask;head;back;glass,
hurk2,110,0,1,1,models/player/MABI_hurk/mabi_hurk02.mdl,models/player/MABI_hurk/hand/hand_hurk02.mdl,,,human,,,,hair;hat;hud;mask;head;back;glass,
Kay,111,0,1,1,models/player/MABI_Kay/mabi_kay01.mdl,models/player/MABI_Kay/hand/hand_kay01.mdl,,,human,,,,hair;hat;hud;mask;head;back;glass,
Kay2,112,0,1,1,models/player/MABI_Kay/mabi_kay02.mdl,models/player/MABI_Kay/hand/hand_kay02.mdl,,,human,,,,hair;hat;hud;mask;head;back;glass,
lynn,113,0,2,1,models/player/mabi_lynn/mabi_lynn01.mdl,models/player/mabi_lynn/hand/hand_lynn01.mdl,,,human,,,,hair;hat;hud;mask;head;back;glass,
lightzombie,114,0,1,1,models/zombie/lighthost/zombie_lighthost.mdl,models/Zombie/lighthost/hand/hand_zombie_lighthost.mdl,,,zombie_host,,,,hair;hat;hud;mask;head;back;glass,
lightzombie0,115,0,2,1,models/Zombie/zombie_mutation_light/zombie_mutation_light.mdl,models/Zombie/zombie_mutation_light/hand/hand_zombie_mutation_light.mdl,,,zombie_normal,,,,hair;hat;hud;mask;head;back;glass,
heavyzombie0,116,0,1,1,models/Zombie/zombie_mutation_heavy/zombie_mutation_heavy.mdl,models/Zombie/zombie_mutation_heavy/hand/hand_zombie_mutation_heavy.mdl,,,zombie_normal,,,,hair;hat;hud;mask;head;back;glass,
zombie_jsn1,117,0,2,1,models/zombie/zombie_jsn1/zombie_jsn1.mdl,models/zombie/zombie_jsn1/hand/hand_zombie_jsn1.mdl,,,zombie_normal,,,,hair;hat;hud;mask;head;back;glass,
zombie_jsn2,118,0,2,1,models/zombie/zombie_jsn2/zombie_jsn2.mdl,models/zombie/zombie_jsn2/hand/hand_zombie_jsn2.mdl,,,zombie_normal,,,,hair;hat;hud;mask;head;back;glass,
zombie_jsn3,119,0,2,1,models/zombie/zombie_jsn3/zombie_jsn3.mdl,models/zombie/zombie_jsn3/hand/hand_zombie_jsn3.mdl,,,zombie_normal,,,,hair;hat;hud;mask;head;back;glass,
zombie_jsn4,120,0,2,1,models/zombie/zombie_jsn4/zombie_jsn4.mdl,models/zombie/zombie_jsn4/hand/hand_zombie_jsn4.mdl,,,zombie_normal,,,,hair;hat;hud;mask;head;back;glass,
