;id,name,skill_templates,weapon_templates,skin,elo
1,Rodolfo,Elobot01,Rifle,1,1000
2,Cherish,Elobot01,Rifle,3,1001
3,Tatum,Elobot01,Rifle,2,1002
4,Giada,Elobot01,Rifle,3,1003
5,Keenan,Elobot01,Sniper,1,1004
6,Giovanna,Elobot01,Rifle,3,1005
7,Sterling,Elobot01,Rifle,2,1006
8,Carla,Elobot01,Rifle,3,1007
9,Van,Elobot01,Rifle,1,1008
10,Larissa,Elobot01,Sniper,3,1009
11,Bruno,Elobot01,Rifle,2,1010
12,Jaden,Elobot01,Rifle,3,1011
13,Hamza,Elobot01,Rifle,1,1012
14,Adyson,Elobot01,Rifle,3,1013
15,Ayaan,Elobot01,Sniper,2,1014
16,Campbell,Elobot01,Rifle,3,1015
17,Gauge,Elobot01,Rifle,1,1016
18,Carley,Elobot01,Rifle,3,1017
19,Rayan,Elobot01,Rifle,2,1018
20,Carlee,Elobot01,Sniper,3,1019
21,Zachery,Elobot01,Rifle,1,1020
22,Gisselle,Elobot01,Rifle,3,1021
23,Heath,Elobot01,Rifle,2,1022
24,Lylah,Elobot01,Rifle,3,1023
25,Jagger,Elobot01,Sniper,1,1024
26,Felicity,Elobot01,Rifle,3,1025
27,Killian,Elobot01,Rifle,2,1026
28,Julianne,Elobot01,Rifle,3,1027
29,Dax,Elobot01,Rifle,1,1028
30,Aryana,Elobot01,Sniper,3,1029
31,Jovani,Elobot01,Rifle,2,1030
32,Frances,Elobot01,Rifle,3,1031
33,Conrad,Elobot01,Rifle,1,1032
34,Ivanna,Elobot01,Rifle,3,1033
35,Junior,Elobot01,Sniper,2,1034
36,Natalya,Elobot01,Rifle,3,1035
37,Augustus,Elobot01,Rifle,1,1036
38,Tamia,Elobot01,Rifle,3,1037
39,Misael,Elobot01,Rifle,2,1038
40,Kaya,Elobot01,Sniper,3,1039
41,Roland,Elobot01,Rifle,1,1040
42,Reyna,Elobot01,Rifle,3,1041
43,Vance,Elobot01,Rifle,2,1042
44,Bria,Elobot01,Rifle,3,1043
45,Alvaro,Elobot01,Sniper,1,1044
46,Deborah,Elobot01,Rifle,3,1045
47,Bode,Elobot01,Rifle,2,1046
48,Harlow,Elobot01,Rifle,3,1047
49,Eugene,Elobot01,Rifle,1,1048
50,Ingrid,Elobot01,Sniper,3,1049
51,Ramiro,Elobot02,Rifle,2,1050
52,Kaylyn,Elobot02,Rifle,3,1051
53,Yosef,Elobot02,Rifle,1,1052
54,Tara,Elobot02,Rifle,3,1053
55,Adrien,Elobot02,Sniper,2,1054
56,Moriah,Elobot02,Rifle,3,1055
57,Carmelo,Elobot02,Rifle,1,1056
58,Alisha,Elobot02,Rifle,3,1057
59,Wayne,Elobot02,Rifle,2,1058
60,Carlie,Elobot02,Sniper,3,1059
61,Kamron,Elobot02,Rifle,1,1060
62,Yoselin,Elobot02,Rifle,3,1061
63,Johnathon,Elobot02,Rifle,2,1062
64,Susan,Elobot02,Rifle,3,1063
65,Kolten,Elobot02,Sniper,1,1064
66,Haylie,Elobot02,Rifle,3,1065
67,Gilberto,Elobot02,Rifle,2,1066
68,Jenny,Elobot02,Rifle,3,1067
69,Quintin,Elobot02,Rifle,1,1068
70,Ayana,Elobot02,Sniper,3,1069
71,Steve,Elobot02,Rifle,2,1070
72,Cristina,Elobot02,Rifle,3,1071
73,Zain,Elobot02,Rifle,1,1072
74,Maryam,Elobot02,Rifle,3,1073
75,Antoine,Elobot02,Sniper,2,1074
76,Sawyer,Elobot02,Rifle,3,1075
77,Niko,Elobot02,Rifle,1,1076
78,Rylan,Elobot02,Rifle,3,1077
79,Tyrell,Elobot02,Rifle,2,1078
80,Sanaa,Elobot02,Sniper,3,1079
81,Hassan,Elobot02,Rifle,1,1080
82,Emmalee,Elobot02,Rifle,3,1081
83,Coleman,Elobot02,Rifle,2,1082
84,Jaidyn,Elobot02,Rifle,3,1083
85,Valentin,Elobot02,Sniper,1,1084
86,Libby,Elobot02,Rifle,3,1085
87,Bronson,Elobot02,Rifle,2,1086
88,Yaritza,Elobot02,Rifle,3,1087
89,Elian,Elobot02,Rifle,1,1088
90,Allisson,Elobot02,Sniper,3,1089
91,Frankie,Elobot02,Rifle,2,1090
92,Kasey,Elobot02,Rifle,3,1091
93,Jaxton,Elobot02,Rifle,1,1092
94,Matilda,Elobot02,Rifle,3,1093
95,Jean,Elobot02,Sniper,2,1094
96,Tianna,Elobot02,Rifle,3,1095
97,Jeramiah,Elobot02,Rifle,1,1096
98,Elaine,Elobot02,Rifle,3,1097
99,Clay,Elobot02,Rifle,2,1098
100,Kaylen,Elobot02,Sniper,3,1100
101,Jazmin,Elobot03,Sniper,3,1101
102,Adonis,Elobot03,Rifle,1,1102
103,Corbin,Elobot03,Rifle,1,1103
104,Sharon,Elobot03,Rifle,3,1104
105,Kyla,Elobot03,Rifle,3,1105
106,Jamar,Elobot03,Rifle,2,1106
107,Myles,Elobot03,Rifle,2,1107
108,Maritza,Elobot03,Rifle,3,1108
109,Alondra,Elobot03,Rifle,3,1109
110,Kymani,Elobot03,Sniper,1,1110
111,Xander,Elobot03,Sniper,1,1111
112,Aliana,Elobot03,Rifle,3,1112
113,Breanna,Elobot03,Rifle,3,1113
114,Freddy,Elobot03,Rifle,2,1114
115,Dante,Elobot03,Rifle,2,1115
116,Patience,Elobot03,Rifle,3,1116
117,Quinn,Elobot03,Rifle,3,1117
118,Kayson,Elobot03,Rifle,1,1118
119,Erik,Elobot03,Rifle,1,1119
120,Analia,Elobot03,Sniper,3,1120
121,Adalyn,Elobot03,Sniper,3,1121
122,Hank,Elobot03,Rifle,2,1122
123,Martin,Elobot03,Rifle,2,1123
124,Emelia,Elobot03,Rifle,3,1124
125,Kaydence,Elobot03,Rifle,3,1125
126,Efrain,Elobot03,Rifle,1,1126
127,Rafael,Elobot03,Rifle,1,1127
128,Heidy,Elobot03,Rifle,3,1128
129,Fiona,Elobot03,Rifle,3,1129
130,Samir,Elobot03,Sniper,2,1130
131,Theodore,Elobot03,Sniper,2,1131
132,Karlie,Elobot03,Rifle,3,1132
133,Allyson,Elobot03,Rifle,3,1133
134,Abdiel,Elobot03,Rifle,1,1134
135,Dalton,Elobot03,Rifle,1,1135
136,Nathaly,Elobot03,Rifle,3,1136
137,Esther,Elobot03,Rifle,3,1137
138,Ean,Elobot03,Rifle,2,1138
139,Dominick,Elobot03,Rifle,2,1139
140,Chana,Elobot03,Sniper,3,1140
141,Josie,Elobot03,Sniper,3,1141
142,Lyric,Elobot03,Rifle,1,1142
143,Cash,Elobot03,Rifle,1,1143
144,Tess,Elobot03,Rifle,3,1144
145,Mariana,Elobot03,Rifle,3,1145
146,Sage,Elobot03,Rifle,2,1146
147,Skyler,Elobot03,Rifle,2,1147
148,Yazmin,Elobot03,Rifle,3,1148
149,Haylee,Elobot03,Rifle,3,1149
150,Todd,Elobot03,Sniper,1,1150
151,Marco,Elobot04,Sniper,1,1151
152,Chanel,Elobot04,Rifle,3,1152
153,Hazel,Elobot04,Rifle,3,1153
154,Leandro,Elobot04,Rifle,2,1154
155,Ty,Elobot04,Rifle,2,1155
156,Karsyn,Elobot04,Rifle,3,1156
157,Alina,Elobot04,Rifle,3,1157
158,Aditya,Elobot04,Rifle,1,1158
159,Caiden,Elobot04,Rifle,1,1159
160,Paula,Elobot04,Sniper,3,1160
161,Lucia,Elobot04,Sniper,3,1161
162,Konnor,Elobot04,Rifle,2,1162
163,Johnny,Elobot04,Rifle,2,1163
164,Armani,Elobot04,Rifle,3,1164
165,Danna,Elobot04,Rifle,3,1165
166,Derick,Elobot04,Rifle,1,1166
167,Gregory,Elobot04,Rifle,1,1167
168,Marisa,Elobot04,Rifle,3,1168
169,Leilani,Elobot04,Rifle,3,1169
170,Deven,Elobot04,Sniper,2,1170
171,Kyler,Elobot04,Sniper,2,1171
172,Araceli,Elobot04,Rifle,3,1172
173,Alison,Elobot04,Rifle,3,1173
174,Konner,Elobot04,Rifle,1,1174
175,Brennan,Elobot04,Rifle,1,1175
176,Abbie,Elobot04,Rifle,3,1176
177,Camille,Elobot04,Rifle,3,1177
178,Matthias,Elobot04,Rifle,2,1178
179,Emmett,Elobot04,Rifle,2,1179
180,Alyvia,Elobot04,Sniper,3,1180
181,Fatima,Elobot04,Sniper,3,1181
182,Benson,Elobot04,Rifle,1,1182
183,Luca,Elobot04,Rifle,1,1183
184,Amirah,Elobot04,Rifle,3,1184
185,Jazmine,Elobot04,Rifle,3,1185
186,Deangelo,Elobot04,Rifle,2,1186
187,Roberto,Elobot04,Rifle,2,1187
188,Azul,Elobot04,Rifle,3,1188
189,Ximena,Elobot04,Rifle,3,1189
190,Demarcus,Elobot04,Sniper,1,1190
191,Declan,Elobot04,Sniper,1,1191
192,Edith,Elobot04,Rifle,3,1192
193,Laura,Elobot04,Rifle,3,1193
194,Jovanni,Elobot04,Rifle,2,1194
195,Kameron,Elobot04,Rifle,2,1195
196,Ember,Elobot04,Rifle,3,1196
197,Presley,Elobot04,Rifle,3,1197
198,Kyron,Elobot04,Rifle,1,1198
199,Quinn,Elobot04,Rifle,1,1199
200,Zaria,Elobot04,Sniper,3,1200
201,Cora,Elobot05,Sniper,3,1201
202,Kyson,Elobot05,Rifle,2,1202
203,Jameson,Elobot05,Rifle,2,1203
204,Aliza,Elobot05,Rifle,3,1204
205,Cecilia,Elobot05,Rifle,3,1205
206,Sidney,Elobot05,Rifle,1,1206
207,Amir,Elobot05,Rifle,1,1207
208,Carissa,Elobot05,Rifle,3,1208
209,Genevieve,Elobot05,Rifle,3,1209
210,Valentino,Elobot05,Sniper,2,1210
211,Bennett,Elobot05,Sniper,2,1211
212,Livia,Elobot05,Rifle,3,1212
213,Alejandra,Elobot05,Rifle,3,1213
214,Ishaan,Elobot05,Rifle,1,1214
215,Colby,Elobot05,Rifle,1,1215
216,Charley,Elobot05,Rifle,3,1216
217,Bianca,Elobot05,Rifle,3,1217
218,Maximo,Elobot05,Rifle,2,1218
219,Pedro,Elobot05,Rifle,2,1219
220,Leia,Elobot05,Sniper,3,1220
221,Mallory,Elobot05,Sniper,3,1221
222,Dilan,Elobot05,Rifle,1,1222
223,Emanuel,Elobot05,Rifle,1,1223
224,Cailyn,Elobot05,Rifle,3,1224
225,Camryn,Elobot05,Rifle,3,1225
226,Gilbert,Elobot05,Rifle,2,1226
227,Graham,Elobot05,Rifle,2,1227
228,Hadassah,Elobot05,Rifle,3,1228
229,Esmeralda,Elobot05,Rifle,3,1229
230,Xavi,Elobot05,Sniper,1,1230
231,Malik,Elobot05,Sniper,1,1231
232,Ireland,Elobot05,Rifle,3,1232
233,Abby,Elobot05,Rifle,3,1233
234,Bo,Elobot05,Rifle,2,1234
235,Dean,Elobot05,Rifle,2,1235
236,Isabell,Elobot05,Rifle,3,1236
237,Dakota,Elobot05,Rifle,3,1237
238,Sylas,Elobot05,Rifle,1,1238
239,Jasper,Elobot05,Rifle,1,1239
240,Beatrice,Elobot05,Sniper,3,1240
241,Juliet,Elobot05,Sniper,3,1241
242,Fisher,Elobot05,Rifle,2,1242
243,Everett,Elobot05,Rifle,2,1243
244,Hayleigh,Elobot05,Rifle,3,1244
245,Brynn,Elobot05,Rifle,3,1245
246,Jaron,Elobot05,Rifle,1,1246
247,Aden,Elobot05,Rifle,1,1247
248,Akira,Elobot05,Rifle,3,1248
249,Londyn,Elobot05,Rifle,3,1249
250,Marcel,Elobot05,Sniper,2,1250
251,Dawson,Elobot06,Sniper,2,1251
252,Avah,Elobot06,Rifle,3,1252
253,Willow,Elobot06,Rifle,3,1253
254,Cael,Elobot06,Rifle,1,1254
255,Angelo,Elobot06,Rifle,1,1255
256,Eileen,Elobot06,Rifle,3,1256
257,Maddison,Elobot06,Rifle,3,1257
258,Franco,Elobot06,Rifle,2,1258
259,Reid,Elobot06,Rifle,2,1259
260,Kiersten,Elobot06,Sniper,3,1260
261,Macy,Elobot06,Sniper,3,1261
262,Alden,Elobot06,Rifle,1,1262
263,Dakota,Elobot06,Rifle,1,1263
264,Micah,Elobot06,Rifle,3,1264
265,Kara,Elobot06,Rifle,3,1265
266,Randall,Elobot06,Rifle,2,1266
267,Abel,Elobot06,Rifle,2,1267
268,Kenna,Elobot06,Rifle,3,1268
269,Karina,Elobot06,Rifle,3,1269
270,Bentlee,Elobot06,Sniper,1,1270
271,Zander,Elobot06,Sniper,1,1271
272,Malaya,Elobot06,Rifle,3,1272
273,Kyleigh,Elobot06,Rifle,3,1273
274,Brogan,Elobot06,Rifle,2,1274
275,Paxton,Elobot06,Rifle,2,1275
276,Gracelynn,Elobot06,Rifle,3,1276
277,Veronica,Elobot06,Rifle,3,1277
278,Callum,Elobot06,Rifle,1,1278
279,Judah,Elobot06,Rifle,1,1279
280,Kirsten,Elobot06,Sniper,3,1280
281,Daniella,Elobot06,Sniper,3,1281
282,Jerimiah,Elobot06,Rifle,2,1282
283,Ruben,Elobot06,Rifle,2,1283
284,Alma,Elobot06,Rifle,3,1284
285,Isla,Elobot06,Rifle,3,1285
286,Justus,Elobot06,Rifle,1,1286
287,Jakob,Elobot06,Rifle,1,1287
288,Hana,Elobot06,Rifle,3,1288
289,Norah,Elobot06,Rifle,3,1289
290,Malaki,Elobot06,Sniper,2,1290
291,Jayce,Elobot06,Sniper,2,1291
292,Demi,Elobot06,Rifle,3,1292
293,Ivy,Elobot06,Rifle,3,1293
294,Agustin,Elobot06,Rifle,1,1294
295,Finn,Elobot06,Rifle,1,1295
296,Jemma,Elobot06,Rifle,3,1296
297,Miriam,Elobot06,Rifle,3,1297
298,Blaze,Elobot06,Rifle,2,1298
299,Elliot,Elobot06,Rifle,2,1299
300,Charity,Elobot06,Sniper,3,1300
301,Malia,Elobot07,Sniper,3,1301
302,Ronin,Elobot07,Rifle,1,1302
303,Frank,Elobot07,Rifle,1,1303
304,Kelsie,Elobot07,Rifle,3,1304
305,Caitlyn,Elobot07,Rifle,3,1305
306,Westin,Elobot07,Rifle,2,1306
307,Lane,Elobot07,Rifle,2,1307
308,Lillianna,Elobot07,Rifle,3,1308
309,Heidi,Elobot07,Rifle,3,1309
310,Branson,Elobot07,Sniper,1,1310
311,Dillon,Elobot07,Sniper,1,1311
312,Lina,Elobot07,Rifle,3,1312
313,Kamryn,Elobot07,Rifle,3,1313
314,Marcelo,Elobot07,Rifle,2,1314
315,Fabian,Elobot07,Rifle,2,1315
316,Mira,Elobot07,Rifle,3,1316
317,Joanna,Elobot07,Rifle,3,1317
318,Dominique,Elobot07,Rifle,1,1318
319,Brock,Elobot07,Rifle,1,1319
320,Alayah,Elobot07,Sniper,3,1320
321,Kelly,Elobot07,Sniper,3,1321
322,Krish,Elobot07,Rifle,2,1322
323,Derrick,Elobot07,Rifle,2,1323
324,Angeline,Elobot07,Rifle,3,1324
325,Kinsley,Elobot07,Rifle,3,1325
326,Odin,Elobot07,Rifle,1,1326
327,Emilio,Elobot07,Rifle,1,1327
328,Ayleen,Elobot07,Rifle,3,1328
329,Phoebe,Elobot07,Rifle,3,1329
330,Rey,Elobot07,Sniper,2,1330
331,Ryker,Elobot07,Sniper,2,1331
332,Nola,Elobot07,Rifle,3,1332
333,Kira,Elobot07,Rifle,3,1333
334,Chaim,Elobot07,Rifle,1,1334
335,Joaquin,Elobot07,Rifle,1,1335
336,Ashlee,Elobot07,Rifle,3,1336
337,Annabella,Elobot07,Rifle,3,1337
338,Brice,Elobot07,Rifle,2,1338
339,Marcos,Elobot07,Rifle,2,1339
340,Katrina,Elobot07,Sniper,3,1340
341,Tiffany,Elobot07,Sniper,3,1341
342,Camryn,Elobot07,Rifle,1,1342
343,Devon,Elobot07,Rifle,1,1343
344,Millie,Elobot07,Rifle,3,1344
345,Katelynn,Elobot07,Rifle,3,1345
346,Jabari,Elobot07,Rifle,2,1346
347,Anderson,Elobot07,Rifle,2,1347
348,Raina,Elobot07,Rifle,3,1348
349,Emery,Elobot07,Rifle,3,1349
350,Jair,Elobot07,Sniper,1,1350
351,Grady,Elobot08,Sniper,1,1351
352,Belinda,Elobot08,Rifle,3,1352
353,Carmen,Elobot08,Rifle,3,1353
354,Samson,Elobot08,Rifle,2,1354
355,Elliott,Elobot08,Rifle,2,1355
356,Jacquelyn,Elobot08,Rifle,3,1356
357,Emerson,Elobot08,Rifle,3,1357
358,Izayah,Elobot08,Rifle,1,1358
359,Holden,Elobot08,Rifle,1,1359
360,Jaylyn,Elobot08,Sniper,3,1360
361,Iris,Elobot08,Sniper,3,1361
362,Jaidyn,Elobot08,Rifle,2,1362
363,Corey,Elobot08,Rifle,2,1363
364,Mara,Elobot08,Rifle,3,1364
365,Crystal,Elobot08,Rifle,3,1365
366,Remy,Elobot08,Rifle,1,1366
367,Amari,Elobot08,Rifle,1,1367
368,Renee,Elobot08,Rifle,3,1368
369,Nina,Elobot08,Rifle,3,1369
370,Emmitt,Elobot08,Sniper,2,1370
371,Dallas,Elobot08,Sniper,2,1371
372,Lilyanna,Elobot08,Rifle,3,1372
373,Emely,Elobot08,Rifle,3,1373
374,Isai,Elobot08,Rifle,1,1374
375,Danny,Elobot08,Rifle,1,1375
376,Mayra,Elobot08,Rifle,3,1376
377,Madeleine,Elobot08,Rifle,3,1377
378,Mayson,Elobot08,Rifle,2,1378
379,Cruz,Elobot08,Rifle,2,1379
380,Bree,Elobot08,Sniper,3,1380
381,Rylie,Elobot08,Sniper,3,1381
382,Mike,Elobot08,Rifle,1,1382
383,Allen,Elobot08,Rifle,1,1383
384,Zariyah,Elobot08,Rifle,3,1384
385,Adeline,Elobot08,Rifle,3,1385
386,Tyree,Elobot08,Rifle,2,1386
387,Lorenzo,Elobot08,Rifle,2,1387
388,Belen,Elobot08,Rifle,3,1388
389,Karla,Elobot08,Rifle,3,1389
390,Stefan,Elobot08,Sniper,1,1390
391,Trey,Elobot08,Sniper,1,1391
392,Lilia,Elobot08,Rifle,3,1392
393,Georgia,Elobot08,Rifle,3,1393
394,Santos,Elobot08,Rifle,2,1394
395,Leland,Elobot08,Rifle,2,1395
396,Meadow,Elobot08,Rifle,3,1396
397,Heaven,Elobot08,Rifle,3,1397
398,Seamus,Elobot08,Rifle,1,1398
399,Armando,Elobot08,Rifle,1,1399
400,Rubi,Elobot08,Sniper,3,1400
401,Kiara,Elobot09,Sniper,3,1401
402,Devan,Elobot09,Rifle,2,1402
403,Rowan,Elobot09,Rifle,2,1403
404,Shyla,Elobot09,Rifle,3,1404
405,Paris,Elobot09,Rifle,3,1405
406,Houston,Elobot09,Rifle,1,1406
407,Taylor,Elobot09,Rifle,1,1407
408,Joyce,Elobot09,Rifle,3,1408
409,Selena,Elobot09,Rifle,3,1409
410,Jedidiah,Elobot09,Sniper,2,1410
411,Cade,Elobot09,Sniper,2,1411
412,Judith,Elobot09,Rifle,3,1412
413,Cassandra,Elobot09,Rifle,3,1413
414,Casen,Elobot09,Rifle,1,1414
415,Felix,Elobot09,Rifle,1,1415
416,Ryann,Elobot09,Rifle,3,1416
417,Guadalupe,Elobot09,Rifle,3,1417
418,Deon,Elobot09,Rifle,2,1418
419,Colt,Elobot09,Rifle,2,1419
420,Elianna,Elobot09,Sniper,3,1420
421,Evangeline,Elobot09,Sniper,3,1421
422,Fletcher,Elobot09,Rifle,1,1422
423,Adan,Elobot09,Rifle,1,1423
424,Kyndall,Elobot09,Rifle,3,1424
425,Tatum,Elobot09,Rifle,3,1425
426,Major,Elobot09,Rifle,2,1426
427,Tristen,Elobot09,Rifle,2,1427
428,Lara,Elobot09,Rifle,3,1428
429,Lilah,Elobot09,Rifle,3,1429
430,Winston,Elobot09,Sniper,1,1430
431,Julius,Elobot09,Sniper,1,1431
432,Salma,Elobot09,Rifle,3,1432
433,Madilyn,Elobot09,Rifle,3,1433
434,Vincenzo,Elobot09,Rifle,2,1434
435,Jayson,Elobot09,Rifle,2,1435
436,Tania,Elobot09,Rifle,3,1436
437,Tiana,Elobot09,Rifle,3,1437
438,Aedan,Elobot09,Rifle,1,1438
439,Nehemiah,Elobot09,Rifle,1,1439
440,Abbey,Elobot09,Sniper,3,1440
441,Rose,Elobot09,Sniper,3,1441
442,Kamryn,Elobot09,Rifle,2,1442
443,Zayden,Elobot09,Rifle,2,1443
444,Kendal,Elobot09,Rifle,3,1444
445,Aniya,Elobot09,Rifle,3,1445
446,Darnell,Elobot09,Rifle,1,1446
447,Julio,Elobot09,Rifle,1,1447
448,Kynlee,Elobot09,Rifle,3,1448
449,Madisyn,Elobot09,Rifle,3,1449
450,Gaige,Elobot09,Sniper,2,1450
451,Raul,Elobot10,Sniper,2,1451
452,Neveah,Elobot10,Rifle,3,1452
453,Kaelyn,Elobot10,Rifle,3,1453
454,Jaycob,Elobot10,Rifle,1,1454
455,Darius,Elobot10,Rifle,1,1455
456,Rayne,Elobot10,Rifle,3,1456
457,Caitlin,Elobot10,Rifle,3,1457
458,Quinten,Elobot10,Rifle,2,1458
459,Braydon,Elobot10,Rifle,2,1459
460,Janet,Elobot10,Sniper,3,1460
461,Sasha,Elobot10,Sniper,3,1461
462,Jaxen,Elobot10,Rifle,1,1462
463,Louis,Elobot10,Rifle,1,1463
464,Saige,Elobot10,Rifle,3,1464
465,Luna,Elobot10,Rifle,3,1465
466,Landry,Elobot10,Rifle,2,1466
467,Ronald,Elobot10,Rifle,2,1467
468,Briella,Elobot10,Rifle,3,1468
469,Audrina,Elobot10,Rifle,3,1469
470,Deegan,Elobot10,Sniper,1,1470
471,Trent,Elobot10,Sniper,1,1471
472,Braelynn,Elobot10,Rifle,3,1472
473,Fernanda,Elobot10,Rifle,3,1473
474,Edison,Elobot10,Rifle,2,1474
475,Payton,Elobot10,Rifle,2,1475
476,Karma,Elobot10,Rifle,3,1476
477,Angelica,Elobot10,Rifle,3,1477
478,Howard,Elobot10,Rifle,1,1478
479,Keith,Elobot10,Rifle,1,1479
480,Laniyah,Elobot10,Sniper,3,1480
481,Ruth,Elobot10,Sniper,3,1481
482,Humberto,Elobot10,Rifle,2,1482
483,Randy,Elobot10,Rifle,2,1483
484,Sarahi,Elobot10,Rifle,3,1484
485,Jasmin,Elobot10,Rifle,3,1485
486,Jadyn,Elobot10,Rifle,1,1486
487,Jax,Elobot10,Rifle,1,1487
488,Makena,Elobot10,Rifle,3,1488
489,Emilia,Elobot10,Rifle,3,1489
490,Salvatore,Elobot10,Sniper,2,1490
491,Enrique,Elobot10,Sniper,2,1491
492,Princess,Elobot10,Rifle,3,1492
493,Kyra,Elobot10,Rifle,3,1493
494,Lionel,Elobot10,Rifle,1,1494
495,Desmond,Elobot10,Rifle,1,1495
496,Rayna,Elobot10,Rifle,3,1496
497,Lilliana,Elobot10,Rifle,3,1497
498,Aarush,Elobot10,Rifle,2,1498
499,Jett,Elobot10,Rifle,2,1499
500,Stacy,Elobot10,Sniper,3,1500
501,Ayla,Elobot11,Sniper,3,1501
502,Carsen,Elobot11,Rifle,1,1502
503,Scott,Elobot11,Rifle,1,1503
504,Lizeth,Elobot11,Rifle,3,1504
505,Janiyah,Elobot11,Rifle,3,1505
506,Jaydin,Elobot11,Rifle,2,1506
507,Dustin,Elobot11,Rifle,2,1507
508,Marlene,Elobot11,Rifle,3,1508
509,Aria,Elobot11,Rifle,3,1509
510,Kadyn,Elobot11,Sniper,1,1510
511,Gerardo,Elobot11,Sniper,1,1511
512,Azaria,Elobot11,Rifle,3,1512
513,Courtney,Elobot11,Rifle,3,1513
514,Abdullah,Elobot11,Rifle,2,1514
515,Phillip,Elobot11,Rifle,2,1515
516,Riya,Elobot11,Rifle,3,1516
517,Ainsley,Elobot11,Rifle,3,1517
518,Alfred,Elobot11,Rifle,1,1518
519,Beckett,Elobot11,Rifle,1,1519
520,Dominique,Elobot11,Sniper,3,1520
521,Lia,Elobot11,Sniper,3,1521
522,Ameer,Elobot11,Rifle,2,1522
523,Ali,Elobot11,Rifle,2,1523
524,Jaylen,Elobot11,Rifle,3,1524
525,Yaretzi,Elobot11,Rifle,3,1525
526,Bodhi,Elobot11,Rifle,1,1526
527,Romeo,Elobot11,Rifle,1,1527
528,Karly,Elobot11,Rifle,3,1528
529,Maliyah,Elobot11,Rifle,3,1529
530,Davon,Elobot11,Sniper,2,1530
531,Kellen,Elobot11,Sniper,2,1531
532,Adele,Elobot11,Rifle,3,1532
533,Raegan,Elobot11,Rifle,3,1533
534,Trystan,Elobot11,Rifle,1,1534
535,Cohen,Elobot11,Rifle,1,1535
536,Britney,Elobot11,Rifle,3,1536
537,Tatiana,Elobot11,Rifle,3,1537
538,Eden,Elobot11,Rifle,2,1538
539,Pablo,Elobot11,Rifle,2,1539
540,Kaelynn,Elobot11,Sniper,3,1540
541,Monica,Elobot11,Sniper,3,1541
542,Johann,Elobot11,Rifle,1,1542
543,Ismael,Elobot11,Rifle,1,1543
544,Abigale,Elobot11,Rifle,3,1544
545,Madalyn,Elobot11,Rifle,3,1545
546,Zaire,Elobot11,Rifle,2,1546
547,Jaime,Elobot11,Rifle,2,1547
548,Adelina,Elobot11,Rifle,3,1548
549,Athena,Elobot11,Rifle,3,1549
550,Antwan,Elobot11,Sniper,1,1550
551,Larry,Elobot12,Sniper,1,1551
552,Ann,Elobot12,Rifle,3,1552
553,Mila,Elobot12,Rifle,3,1553
554,Lennon,Elobot12,Rifle,2,1554
555,Kellan,Elobot12,Rifle,2,1555
556,Charli,Elobot12,Rifle,3,1556
557,Noelle,Elobot12,Rifle,3,1557
558,Marley,Elobot12,Rifle,1,1558
559,Brycen,Elobot12,Rifle,1,1559
560,Emersyn,Elobot12,Sniper,3,1560
561,Anastasia,Elobot12,Sniper,3,1561
562,Theo,Elobot12,Rifle,2,1562
563,Keaton,Elobot12,Rifle,2,1563
564,Janiah,Elobot12,Rifle,3,1564
565,Julissa,Elobot12,Rifle,3,1565
566,Donte,Elobot12,Rifle,1,1566
567,Braylen,Elobot12,Rifle,1,1567
568,Marianna,Elobot12,Rifle,3,1568
569,Jaelyn,Elobot12,Rifle,3,1569
570,Jayvion,Elobot12,Sniper,2,1570
571,Gunner,Elobot12,Sniper,2,1571
572,Caydence,Elobot12,Rifle,3,1572
573,Bethany,Elobot12,Rifle,3,1573
574,Bridger,Elobot12,Rifle,1,1574
575,Brayan,Elobot12,Rifle,1,1575
576,Kayleen,Elobot12,Rifle,3,1576
577,Juliette,Elobot12,Rifle,3,1577
578,Irvin,Elobot12,Rifle,2,1578
579,Landyn,Elobot12,Rifle,2,1579
580,Abagail,Elobot12,Sniper,3,1580
581,Imani,Elobot12,Sniper,3,1581
582,Yael,Elobot12,Rifle,1,1582
583,Walter,Elobot12,Rifle,1,1583
584,Dixie,Elobot12,Rifle,3,1584
585,Kenzie,Elobot12,Rifle,3,1585
586,Ernest,Elobot12,Rifle,2,1586
587,Jimmy,Elobot12,Rifle,2,1587
588,Diya,Elobot12,Rifle,3,1588
589,Macie,Elobot12,Rifle,3,1589
590,Leonidas,Elobot12,Sniper,1,1590
591,Marshall,Elobot12,Sniper,1,1591
592,Esme,Elobot12,Rifle,3,1592
593,Savanna,Elobot12,Rifle,3,1593
594,Ross,Elobot12,Rifle,2,1594
595,Beau,Elobot12,Rifle,2,1595
596,Theresa,Elobot12,Rifle,3,1596
597,Jamie,Elobot12,Rifle,3,1597
598,Devyn,Elobot12,Rifle,1,1598
599,Donald,Elobot12,Rifle,1,1599
600,Carleigh,Elobot12,Sniper,3,1600
601,Giuliana,Elobot13,Sniper,3,1601
602,Hezekiah,Elobot13,Rifle,2,1602
603,Esteban,Elobot13,Rifle,2,1603
604,Jewel,Elobot13,Rifle,3,1604
605,Kiley,Elobot13,Rifle,3,1605
606,Ignacio,Elobot13,Rifle,1,1606
607,Phoenix,Elobot13,Rifle,1,1607
608,Roselyn,Elobot13,Rifle,3,1608
609,April,Elobot13,Rifle,3,1609
610,Jencarlos,Elobot13,Sniper,2,1610
611,Saul,Elobot13,Sniper,2,1611
612,Alisa,Elobot13,Rifle,3,1612
613,Lena,Elobot13,Rifle,3,1613
614,Leighton,Elobot13,Rifle,1,1614
615,Karson,Elobot13,Rifle,1,1615
616,Maliah,Elobot13,Rifle,3,1616
617,Adelyn,Elobot13,Rifle,3,1617
618,Octavio,Elobot13,Rifle,2,1618
619,Reed,Elobot13,Rifle,2,1619
620,Shyanne,Elobot13,Sniper,3,1620
621,Joselyn,Elobot13,Sniper,3,1621
622,Rayden,Elobot13,Rifle,1,1622
623,Brenden,Elobot13,Rifle,1,1623
624,Karli,Elobot13,Rifle,3,1624
625,Cynthia,Elobot13,Rifle,3,1625
626,Arnav,Elobot13,Rifle,2,1626
627,Jerry,Elobot13,Rifle,2,1627
628,Nathalia,Elobot13,Rifle,3,1628
629,Jane,Elobot13,Rifle,3,1629
630,Nigel,Elobot13,Sniper,1,1630
631,Tony,Elobot13,Sniper,1,1631
632,Yamilet,Elobot13,Rifle,3,1632
633,Kailey,Elobot13,Rifle,3,1633
634,Hayes,Elobot13,Rifle,2,1634
635,Kade,Elobot13,Rifle,2,1635
636,Averi,Elobot13,Rifle,3,1636
637,Alessandra,Elobot13,Rifle,3,1637
638,Lennox,Elobot13,Rifle,1,1638
639,Jamari,Elobot13,Rifle,1,1639
640,Payten,Elobot13,Sniper,3,1640
641,Arabella,Elobot13,Sniper,3,1641
642,Leroy,Elobot13,Rifle,2,1642
643,Mitchell,Elobot13,Rifle,2,1643
644,Aiyanna,Elobot13,Rifle,3,1644
645,Nayeli,Elobot13,Rifle,3,1645
646,Vaughn,Elobot13,Rifle,1,1646
647,Colten,Elobot13,Rifle,1,1647
648,Journee,Elobot13,Rifle,3,1648
649,Carolina,Elobot13,Rifle,3,1649
650,Anders,Elobot13,Sniper,2,1650
651,Arthur,Elobot14,Sniper,2,1651
652,Mattie,Elobot14,Rifle,3,1652
653,Julie,Elobot14,Rifle,3,1653
654,Keon,Elobot14,Rifle,1,1654
655,Brett,Elobot14,Rifle,1,1655
656,Mylee,Elobot14,Rifle,3,1656
657,Gia,Elobot14,Rifle,3,1657
658,Cortez,Elobot14,Rifle,2,1658
659,Rocco,Elobot14,Rifle,2,1659
660,Tegan,Elobot14,Sniper,3,1660
661,Kaylie,Elobot14,Sniper,3,1661
662,Darien,Elobot14,Rifle,1,1662
663,Dennis,Elobot14,Rifle,1,1663
664,Damaris,Elobot14,Rifle,3,1664
665,Michaela,Elobot14,Rifle,3,1665
666,Darryl,Elobot14,Rifle,2,1666
667,Jalen,Elobot14,Rifle,2,1667
668,Arya,Elobot14,Rifle,3,1668
669,Annie,Elobot14,Rifle,3,1669
670,Haiden,Elobot14,Sniper,1,1670
671,Tate,Elobot14,Sniper,1,1671
672,Yamileth,Elobot14,Rifle,3,1672
673,Janelle,Elobot14,Rifle,3,1673
674,Koen,Elobot14,Rifle,2,1674
675,Chris,Elobot14,Rifle,2,1675
676,Audriana,Elobot14,Rifle,3,1676
677,Elaina,Elobot14,Rifle,3,1677
678,Legend,Elobot14,Rifle,1,1678
679,Quentin,Elobot14,Rifle,1,1679
680,Emmy,Elobot14,Sniper,3,1680
681,Amiyah,Elobot14,Sniper,3,1681
682,Dario,Elobot14,Rifle,2,1682
683,Titus,Elobot14,Rifle,2,1683
684,Thalia,Elobot14,Rifle,3,1684
685,Madelynn,Elobot14,Rifle,3,1685
686,Jakobe,Elobot14,Rifle,1,1686
687,Casey,Elobot14,Rifle,1,1687
688,Carina,Elobot14,Rifle,3,1688
689,Kaylin,Elobot14,Rifle,3,1689
690,Sonny,Elobot14,Sniper,2,1690
691,King,Elobot14,Sniper,2,1691
692,Esperanza,Elobot14,Rifle,3,1692
693,Lyric,Elobot14,Rifle,3,1693
694,Tyrese,Elobot14,Rifle,1,1694
695,Izaiah,Elobot14,Rifle,1,1695
696,Kylah,Elobot14,Rifle,3,1696
697,Baylee,Elobot14,Rifle,3,1697
698,Zaid,Elobot14,Rifle,2,1698
699,Brooks,Elobot14,Rifle,2,1699
700,Anabel,Elobot14,Sniper,3,1700
701,Addisyn,Elobot15,Sniper,3,1701
702,Blaise,Elobot15,Rifle,1,1702
703,Mathew,Elobot15,Rifle,1,1703
704,Jamya,Elobot15,Rifle,3,1704
705,Lindsey,Elobot15,Rifle,3,1705
706,Damari,Elobot15,Rifle,2,1706
707,Philip,Elobot15,Rifle,2,1707
708,Willa,Elobot15,Rifle,3,1708
709,Jimena,Elobot15,Rifle,3,1709
710,Maxx,Elobot15,Sniper,1,1710
711,Russell,Elobot15,Sniper,1,1711
712,Kierra,Elobot15,Rifle,3,1712
713,Rebekah,Elobot15,Rifle,3,1713
714,Pierre,Elobot15,Rifle,2,1714
715,Darren,Elobot15,Rifle,2,1715
716,Kinsey,Elobot15,Rifle,3,1716
717,Nyla,Elobot15,Rifle,3,1717
718,Antony,Elobot15,Rifle,1,1718
719,Albert,Elobot15,Rifle,1,1719
720,Sydnee,Elobot15,Sniper,3,1720
721,Anya,Elobot15,Sniper,3,1721
722,Menachem,Elobot15,Rifle,2,1722
723,Zackary,Elobot15,Rifle,2,1723
724,Kai,Elobot15,Rifle,3,1724
725,Jazlyn,Elobot15,Rifle,3,1725
726,Dangelo,Elobot15,Rifle,1,1726
727,Gael,Elobot15,Rifle,1,1727
728,Micaela,Elobot15,Rifle,3,1728
729,Finley,Elobot15,Rifle,3,1729
730,Camdyn,Elobot15,Sniper,2,1730
731,Braeden,Elobot15,Sniper,2,1731
732,Pearl,Elobot15,Rifle,3,1732
733,Holly,Elobot15,Rifle,3,1733
734,Eliot,Elobot15,Rifle,1,1734
735,Dane,Elobot15,Rifle,1,1735
736,Shania,Elobot15,Rifle,3,1736
737,Dulce,Elobot15,Rifle,3,1737
738,Cain,Elobot15,Rifle,2,1738
739,Gustavo,Elobot15,Rifle,2,1739
740,Ivana,Elobot15,Sniper,3,1740
741,Melany,Elobot15,Sniper,3,1741
742,Hugh,Elobot15,Rifle,1,1742
743,Jay,Elobot15,Rifle,1,1743
744,Kairi,Elobot15,Rifle,3,1744
745,Talia,Elobot15,Rifle,3,1745
746,Makhi,Elobot15,Rifle,2,1746
747,Cullen,Elobot15,Rifle,2,1747
748,Precious,Elobot15,Rifle,3,1748
749,Itzel,Elobot15,Rifle,3,1749
750,Pranav,Elobot15,Sniper,1,1750
751,Kolton,Elobot16,Sniper,1,1751
752,Shaylee,Elobot16,Rifle,3,1752
753,Scarlet,Elobot16,Rifle,3,1753
754,Roderick,Elobot16,Rifle,2,1754
755,Rodrigo,Elobot16,Rifle,2,1755
756,Azariah,Elobot16,Rifle,3,1756
757,Cameron,Elobot16,Rifle,3,1757
758,Yadiel,Elobot16,Rifle,1,1758
759,Alberto,Elobot16,Rifle,1,1759
760,Kloe,Elobot16,Sniper,3,1760
761,Kiera,Elobot16,Sniper,3,1761
762,Broderick,Elobot16,Rifle,2,1762
763,Leon,Elobot16,Rifle,2,1763
764,Mina,Elobot16,Rifle,3,1764
765,Cali,Elobot16,Rifle,3,1765
766,Zack,Elobot16,Rifle,1,1766
767,Damon,Elobot16,Rifle,1,1767
768,Myra,Elobot16,Rifle,3,1768
769,Angie,Elobot16,Rifle,3,1769
770,Ralph,Elobot16,Sniper,2,1770
771,Alec,Elobot16,Sniper,2,1771
772,Addilyn,Elobot16,Rifle,3,1772
773,Elle,Elobot16,Rifle,3,1773
774,Demarion,Elobot16,Rifle,1,1774
775,Davis,Elobot16,Rifle,1,1775
776,Jolene,Elobot16,Rifle,3,1776
777,Journey,Elobot16,Rifle,3,1777
778,Kael,Elobot16,Rifle,2,1778
779,Arturo,Elobot16,Rifle,2,1779
780,Kimber,Elobot16,Sniper,3,1780
781,Elliana,Elobot16,Sniper,3,1781
782,Lathan,Elobot16,Rifle,1,1782
783,Waylon,Elobot16,Rifle,1,1783
784,Lorena,Elobot16,Rifle,3,1784
785,Estrella,Elobot16,Rifle,3,1785
786,Ronaldo,Elobot16,Rifle,2,1786
787,Milo,Elobot16,Rifle,2,1787
788,Alannah,Elobot16,Rifle,3,1788
789,Erica,Elobot16,Rifle,3,1789
790,Yair,Elobot16,Sniper,1,1790
791,Moises,Elobot16,Sniper,1,1791
792,River,Elobot16,Rifle,3,1792
793,Sarai,Elobot16,Rifle,3,1793
794,Gibson,Elobot16,Rifle,2,1794
795,Curtis,Elobot16,Rifle,2,1795
796,Alexus,Elobot16,Rifle,3,1796
797,Danica,Elobot16,Rifle,3,1797
798,Keyon,Elobot16,Rifle,1,1798
799,Walker,Elobot16,Rifle,1,1799
800,Dalia,Elobot16,Sniper,3,1800
801,Brenda,Elobot17,Sniper,3,1801
802,Reagan,Elobot17,Rifle,2,1802
803,August,Elobot17,Rifle,2,1803
804,Jaslene,Elobot17,Rifle,3,1804
805,Vivienne,Elobot17,Rifle,3,1805
806,Kingsley,Elobot17,Rifle,1,1806
807,Kobe,Elobot17,Rifle,1,1807
808,India,Elobot17,Rifle,3,1808
809,Brittany,Elobot17,Rifle,3,1809
810,Talan,Elobot17,Sniper,2,1810
811,Matteo,Elobot17,Sniper,2,1811
812,Milagros,Elobot17,Rifle,3,1812
813,Erika,Elobot17,Rifle,3,1813
814,Yehuda,Elobot17,Rifle,1,1814
815,Emerson,Elobot17,Rifle,1,1815
816,Reina,Elobot17,Rifle,3,1816
817,Hayley,Elobot17,Rifle,3,1817
818,Cristofer,Elobot17,Rifle,2,1818
819,Marvin,Elobot17,Rifle,2,1819
820,Stephany,Elobot17,Sniper,3,1820
821,Mikaela,Elobot17,Sniper,3,1821
822,Dashawn,Elobot17,Rifle,1,1822
823,Mauricio,Elobot17,Rifle,1,1823
824,Zuri,Elobot17,Rifle,3,1824
825,Harley,Elobot17,Rifle,3,1825
826,Daylen,Elobot17,Rifle,2,1826
827,Maximilian,Elobot17,Rifle,2,1827
828,Mae,Elobot17,Rifle,3,1828
829,Kamila,Elobot17,Rifle,3,1829
830,Jordon,Elobot17,Sniper,1,1830
831,Orlando,Elobot17,Sniper,1,1831
832,Pamela,Elobot17,Rifle,3,1832
833,Adelaide,Elobot17,Rifle,3,1833
834,Sheldon,Elobot17,Rifle,2,1834
835,River,Elobot17,Rifle,2,1835
836,Xiomara,Elobot17,Rifle,3,1836
837,Brylee,Elobot17,Rifle,3,1837
838,Clarence,Elobot17,Rifle,1,1838
839,Reece,Elobot17,Rifle,1,1839
840,Donna,Elobot17,Sniper,3,1840
841,Helen,Elobot17,Sniper,3,1841
842,Kadin,Elobot17,Rifle,2,1842
843,Issac,Elobot17,Rifle,2,1843
844,Evelin,Elobot17,Rifle,3,1844
845,Aubrie,Elobot17,Rifle,3,1845
846,Masen,Elobot17,Rifle,1,1846
847,Bryant,Elobot17,Rifle,1,1847
848,Ariah,Elobot17,Rifle,3,1848
849,Lacey,Elobot17,Rifle,3,1849
850,Rowen,Elobot17,Sniper,2,1850
851,Yahir,Elobot18,Sniper,2,1851
852,Leona,Elobot18,Rifle,3,1852
853,Ciara,Elobot18,Rifle,3,1853
854,Slade,Elobot18,Rifle,1,1854
855,Uriel,Elobot18,Rifle,1,1855
856,Tia,Elobot18,Rifle,3,1856
857,Kadence,Elobot18,Rifle,3,1857
858,Dillan,Elobot18,Rifle,2,1858
859,Hugo,Elobot18,Rifle,2,1859
860,Amiah,Elobot18,Sniper,3,1860
861,Nataly,Elobot18,Sniper,3,1861
862,Thaddeus,Elobot18,Rifle,1,1862
863,Mohamed,Elobot18,Rifle,1,1863
864,Aracely,Elobot18,Rifle,3,1864
865,Johanna,Elobot18,Rifle,3,1865
866,Yousef,Elobot18,Rifle,2,1866
867,Enzo,Elobot18,Rifle,2,1867
868,Bryleigh,Elobot18,Rifle,3,1868
869,Kailyn,Elobot18,Rifle,3,1869
870,Clinton,Elobot18,Sniper,1,1870
871,Karter,Elobot18,Sniper,1,1871
872,Devyn,Elobot18,Rifle,3,1872
873,Madyson,Elobot18,Rifle,3,1873
874,Truman,Elobot18,Rifle,2,1874
875,Lance,Elobot18,Rifle,2,1875
876,Lilith,Elobot18,Rifle,3,1876
877,Adalynn,Elobot18,Rifle,3,1877
878,Destin,Elobot18,Rifle,1,1878
879,Porter,Elobot18,Rifle,1,1879
880,Charleigh,Elobot18,Sniper,3,1880
881,Shayla,Elobot18,Sniper,3,1881
882,Eliezer,Elobot18,Rifle,2,1882
883,Zachariah,Elobot18,Rifle,2,1883
884,Alaysia,Elobot18,Rifle,3,1884
885,Bridget,Elobot18,Rifle,3,1885
886,Enoch,Elobot18,Rifle,1,1886
887,Maurice,Elobot18,Rifle,1,1887
888,Aleigha,Elobot18,Rifle,3,1888
889,Janiya,Elobot18,Rifle,3,1889
890,Joziah,Elobot18,Sniper,2,1890
891,Ricky,Elobot18,Sniper,2,1891
892,Savanah,Elobot18,Rifle,3,1892
893,Serena,Elobot18,Rifle,3,1893
894,Keshawn,Elobot18,Rifle,1,1894
895,Leonel,Elobot18,Rifle,1,1895
896,Dania,Elobot18,Rifle,3,1896
897,Gemma,Elobot18,Rifle,3,1897
898,Reuben,Elobot18,Rifle,2,1898
899,Joe,Elobot18,Rifle,2,1899
900,Leilah,Elobot18,Sniper,3,1900
901,Johan,Elobot19,Rifle,1,1904
902,Lillie,Elobot19,Rifle,3,1908
903,Dexter,Elobot19,Rifle,2,1912
904,Paola,Elobot19,Rifle,3,1916
905,Nikolas,Elobot19,Sniper,1,1920
906,Jayleen,Elobot19,Rifle,3,1924
907,Jonas,Elobot19,Rifle,2,1928
908,Aleah,Elobot19,Rifle,3,1932
909,Justice,Elobot19,Rifle,1,1936
910,Celeste,Elobot19,Sniper,3,1940
911,Salvador,Elobot19,Rifle,2,1944
912,Braelyn,Elobot19,Rifle,3,1948
913,Knox,Elobot19,Rifle,1,1952
914,Natasha,Elobot19,Rifle,3,1956
915,Lawrence,Elobot19,Sniper,2,1960
916,Tenley,Elobot19,Rifle,3,1964
917,Gideon,Elobot19,Rifle,1,1968
918,Charlie,Elobot19,Rifle,3,1972
919,Alfredo,Elobot19,Rifle,2,1976
920,Kassidy,Elobot19,Sniper,3,1980
921,Maximiliano,Elobot19,Rifle,1,1984
922,Amari,Elobot19,Rifle,3,1988
923,Talon,Elobot19,Rifle,2,1992
924,Brisa,Elobot19,Rifle,3,1996
925,Byron,Elobot19,Sniper,1,2000
926,Dana,Elobot19,Rifle,3,2004
927,Nickolas,Elobot19,Rifle,2,2008
928,Parker,Elobot19,Rifle,3,2012
929,Solomon,Elobot19,Rifle,1,2016
930,Annika,Elobot19,Sniper,3,2020
931,Orion,Elobot19,Rifle,2,2024
932,Aileen,Elobot19,Rifle,3,2028
933,Braiden,Elobot19,Rifle,1,2032
934,Lexie,Elobot19,Rifle,3,2036
935,Alijah,Elobot19,Sniper,2,2040
936,Brenna,Elobot19,Rifle,3,2044
937,Kristopher,Elobot19,Rifle,1,2048
938,Nia,Elobot19,Rifle,3,2052
939,Sam,Elobot19,Rifle,2,2056
940,Sage,Elobot19,Sniper,3,2060
941,Rhys,Elobot19,Rifle,1,2064
942,Desiree,Elobot19,Rifle,3,2068
943,Jacoby,Elobot19,Rifle,2,2072
944,Emilee,Elobot19,Rifle,3,2076
945,Jamarion,Elobot19,Sniper,1,2080
946,Jaliyah,Elobot19,Rifle,3,2084
947,Davion,Elobot19,Rifle,2,2088
948,Skyler,Elobot19,Rifle,3,2092
949,Gary,Elobot19,Rifle,1,2096
950,Anabelle,Elobot19,Sniper,3,2100
951,Pierce,Elobot19,Rifle,2,2104
952,Lucille,Elobot19,Rifle,3,2108
953,Kason,Elobot19,Rifle,1,2112
954,Anahi,Elobot19,Rifle,3,2116
955,Mekhi,Elobot19,Sniper,2,2120
956,Lana,Elobot19,Rifle,3,2124
957,Cason,Elobot19,Rifle,1,2128
958,Kayden,Elobot19,Rifle,3,2132
959,Noel,Elobot19,Rifle,2,2136
960,Anaya,Elobot19,Sniper,3,2140
961,Ramon,Elobot19,Rifle,1,2144
962,Dayana,Elobot19,Rifle,3,2148
963,Shaun,Elobot19,Rifle,2,2152
964,Lilyana,Elobot19,Rifle,3,2156
965,Warren,Elobot19,Sniper,1,2160
966,Joy,Elobot19,Rifle,3,2164
967,Douglas,Elobot19,Rifle,2,2168
968,Viviana,Elobot19,Rifle,3,2172
969,Reese,Elobot19,Rifle,1,2176
970,Logan,Elobot19,Sniper,3,2180
971,Cyrus,Elobot19,Rifle,2,2184
972,Priscilla,Elobot19,Rifle,3,2188
973,Armani,Elobot19,Rifle,1,2192
974,Daphne,Elobot19,Rifle,3,2196
975,Ibrahim,Elobot19,Sniper,2,2200
976,Denise,Elobot19,Rifle,3,2204
977,Quinton,Elobot19,Rifle,1,2208
978,Kennedi,Elobot19,Rifle,3,2212
979,Ernesto,Elobot19,Rifle,2,2216
980,Zariah,Elobot19,Sniper,3,2220
981,Jaydon,Elobot19,Rifle,1,2224
982,Skye,Elobot19,Rifle,3,2228
983,Isaias,Elobot19,Rifle,2,2232
984,Rowan,Elobot19,Rifle,3,2236
985,Frederick,Elobot19,Sniper,1,2240
986,Francesca,Elobot19,Rifle,3,2244
987,Chandler,Elobot19,Rifle,2,2248
988,Amira,Elobot19,Rifle,3,2252
989,Ryland,Elobot19,Rifle,1,2256
990,Elisa,Elobot19,Sniper,3,2260
991,Terry,Elobot19,Rifle,2,2264
992,Kimora,Elobot19,Rifle,3,2268
993,Deandre,Elobot19,Rifle,1,2272
994,Jaylynn,Elobot19,Rifle,3,2276
995,Ari,Elobot19,Sniper,2,2280
996,Kenley,Elobot19,Rifle,3,2284
997,Jamison,Elobot19,Rifle,1,2288
998,Lizbeth,Elobot19,Rifle,3,2292
999,Dorian,Elobot19,Rifle,2,2296
1000,Lauryn,Elobot19,Sniper,3,2300
1001,Blaise,Elobot20,Rifle,1,2308
1002,Jamya,Elobot20,Rifle,3,2316
1003,Damari,Elobot20,Rifle,2,2324
1004,Willa,Elobot20,Rifle,3,2332
1005,Maxx,Elobot20,Sniper,1,2340
1006,Kierra,Elobot20,Rifle,3,2348
1007,Pierre,Elobot20,Rifle,2,2356
1008,Kinsey,Elobot20,Rifle,3,2364
1009,Antony,Elobot20,Rifle,1,2372
1010,Sydnee,Elobot20,Sniper,3,2380
1011,Menachem,Elobot20,Rifle,2,2388
1012,Kai,Elobot20,Rifle,3,2396
1013,Dangelo,Elobot20,Rifle,1,2404
1014,Micaela,Elobot20,Rifle,3,2412
1015,Camdyn,Elobot20,Sniper,2,2420
1016,Pearl,Elobot20,Rifle,3,2428
1017,Eliot,Elobot20,Rifle,1,2436
1018,Shania,Elobot20,Rifle,3,2444
1019,Cain,Elobot20,Rifle,2,2452
1020,Ivana,Elobot20,Sniper,3,2460
1021,Hugh,Elobot20,Rifle,1,2468
1022,Kairi,Elobot20,Rifle,3,2476
1023,Makhi,Elobot20,Rifle,2,2484
1024,Precious,Elobot20,Rifle,3,2492
1025,Pranav,Elobot20,Sniper,1,2500
1026,Shaylee,Elobot20,Rifle,3,2508
1027,Roderick,Elobot20,Rifle,2,2516
1028,Azariah,Elobot20,Rifle,3,2524
1029,Yadiel,Elobot20,Rifle,1,2532
1030,Kloe,Elobot20,Sniper,3,2540
1031,Broderick,Elobot20,Rifle,2,2548
1032,Mina,Elobot20,Rifle,3,2556
1033,Zack,Elobot20,Rifle,1,2564
1034,Myra,Elobot20,Rifle,3,2572
1035,Ralph,Elobot20,Sniper,2,2580
1036,Addilyn,Elobot20,Rifle,3,2588
1037,Demarion,Elobot20,Rifle,1,2596
1038,Jolene,Elobot20,Rifle,3,2604
1039,Kael,Elobot20,Rifle,2,2612
1040,Kimber,Elobot20,Sniper,3,2620
1041,Lathan,Elobot20,Rifle,1,2628
1042,Lorena,Elobot20,Rifle,3,2636
1043,Ronaldo,Elobot20,Rifle,2,2644
1044,Alannah,Elobot20,Rifle,3,2652
1045,Yair,Elobot20,Sniper,1,2660
1046,River,Elobot20,Rifle,3,2668
1047,Gibson,Elobot20,Rifle,2,2676
1048,Alexus,Elobot20,Rifle,3,2684
1049,Keyon,Elobot20,Rifle,1,2692
1050,Dalia,Elobot20,Sniper,3,2700
1051,Reagan,Elobot20,Rifle,2,2708
1052,Jaslene,Elobot20,Rifle,3,2716
1053,Kingsley,Elobot20,Rifle,1,2724
1054,India,Elobot20,Rifle,3,2732
1055,Talan,Elobot20,Sniper,2,2740
1056,Milagros,Elobot20,Rifle,3,2748
1057,Yehuda,Elobot20,Rifle,1,2756
1058,Reina,Elobot20,Rifle,3,2764
1059,Cristofer,Elobot20,Rifle,2,2772
1060,Stephany,Elobot20,Sniper,3,2780
1061,Dashawn,Elobot20,Rifle,1,2788
1062,Zuri,Elobot20,Rifle,3,2796
1063,Daylen,Elobot20,Rifle,2,2804
1064,Mae,Elobot20,Rifle,3,2812
1065,Jordon,Elobot20,Sniper,1,2820
1066,Pamela,Elobot20,Rifle,3,2828
1067,Sheldon,Elobot20,Rifle,2,2836
1068,Xiomara,Elobot20,Rifle,3,2844
1069,Clarence,Elobot20,Rifle,1,2852
1070,Donna,Elobot20,Sniper,3,2860
1071,Kadin,Elobot20,Rifle,2,2868
1072,Evelin,Elobot20,Rifle,3,2876
1073,Masen,Elobot20,Rifle,1,2884
1074,Ariah,Elobot20,Rifle,3,2892
1075,Rowen,Elobot20,Sniper,2,2900
1076,Leona,Elobot20,Rifle,3,2908
1077,Slade,Elobot20,Rifle,1,2916
1078,Tia,Elobot20,Rifle,3,2924
1079,Dillan,Elobot20,Rifle,2,2932
1080,Amiah,Elobot20,Sniper,3,2940
1081,Thaddeus,Elobot20,Rifle,1,2948
1082,Aracely,Elobot20,Rifle,3,2956
1083,Yousef,Elobot20,Rifle,2,2964
1084,Bryleigh,Elobot20,Rifle,3,2972
1085,Clinton,Elobot20,Sniper,1,2980
1086,Devyn,Elobot20,Rifle,3,2988
1087,Truman,Elobot20,Rifle,2,2996
1088,Lilith,Elobot20,Rifle,3,3004
1089,Destin,Elobot20,Rifle,1,3012
1090,Charleigh,Elobot20,Sniper,3,3020
1091,Eliezer,Elobot20,Rifle,2,3028
1092,Alaysia,Elobot20,Rifle,3,3036
1093,Enoch,Elobot20,Rifle,1,3044
1094,Aleigha,Elobot20,Rifle,3,3052
1095,Joziah,Elobot20,Sniper,2,3060
1096,Savanah,Elobot20,Rifle,3,3068
1097,Keshawn,Elobot20,Rifle,1,3076
1098,Dania,Elobot20,Rifle,3,3084
1099,Reuben,Elobot20,Rifle,2,3092
1100,Leilah,Elobot20,Sniper,3,3100
