//府家胶 捞抚 ,// 公扁 努贰胶 ,// 函辆,// 钎矫捞抚,// 官叼弊缝,// 胶挪,// 辑宏鸥涝(内靛盒扁侩),// 辑宏鸥涝,// UI墨抛绊府,//殿鞭,// 单固瘤,// 沥犬档,// 馆悼,// 楷荤仿(Rate Of Fire),// 公霸,// 救沥己,// 藕芒 寸 醚舅 荐 ,// 瘤鞭 醚舅 荐
resname,class,variation,name,bodygroup,skin,subtype,SubType,ui.Category,ui.grade,ui.Damage,ui.Accuracy,ui.Recoil,ui.ROF,ui.Weight,ui.Stability,AmmoClip,AmmoMax
glock18,weapon_glock,default,#CSO2_ITEM_NAME_Glock18,,,,0,Pistol,L,22,67,100,86,85,70,20,120
usp45,weapon_usp,default,#CSO2_ITEM_NAME_USP,,,,0,Pistol,L,30,72,70,85,85,80,12,100
p228,weapon_p228,default,#CSO2_ITEM_NAME_P228,,,,0,Pistol,L,33,90,70,84,85,75,13,52
deserteagle,weapon_deagle,default,#CSO2_ITEM_NAME_DesertEagle,,,,0,Pistol,L,47,45,70,81,85,40,7,35
fiveseven,weapon_fiveseven,default,#CSO2_ITEM_NAME_FiveSeven,,,,0,Pistol,L,22,62,70,86,85,70,20,100
elites,weapon_elite,default,#CSO2_ITEM_NAME_Elites,,,,0,Pistol,L,28,68,70,87,85,60,30,120
anaconda,weapon_anaconda,default,#CSO2_ITEM_NAME_ANACONDA,,,,0,Pistol,N,42,44,71,86,85,45,6,36
m3,weapon_m3,default,#CSO2_ITEM_NAME_m3,,,,0,Shotgun,L,78,100,40,54,76,40,8,32
xm1014,weapon_xm1014,default,#CSO2_ITEM_NAME_xm1014,,,,0,Shotgun,L,52,100,48,76,81,45,7,32
mac10,weapon_mac10,default,#CSO2_ITEM_NAME_MAC10,,,,0,Submachinegun,L,25,72,81,92,85,85,30,100
tmp,weapon_tmp,default,#CSO2_ITEM_NAME_Tmp,,,,0,Submachinegun,L,17,73,83,92,85,90,30,120
mp5,weapon_mp5navy,default,#CSO2_ITEM_NAME_MP5,,,,0,Submachinegun,L,23,79,92,92,85,80,30,120
ump45,weapon_ump45,default,#CSO2_ITEM_NAME_UMP45,,,,0,Submachinegun,L,26,75,91,90,85,84,25,100
p90,weapon_p90,default,#CSO2_ITEM_NAME_P90,,,,0,Submachinegun,L,18,68,91,92,83,89,50,100
galil,weapon_galil,default,#CSO2_ITEM_NAME_Galil,,,,0,AssaultRifle,L,26,77,82,91,70,69,35,90
famas,weapon_famas,default,#CSO2_ITEM_NAME_Famas,,,,0,AssaultRifle,L,26,90,82,88,73,90,25,90
ak47,weapon_ak47,default,#CSO2_ITEM_NAME_AK47,,,,0,AssaultRifle,L,31,83,79,91,72,55,30,90
ak47,weapon_ak47,gold,#CSO2_ITEM_NAME_AK47_gold,,,,0,AssaultRifle,S,31,83,79,91,72,55,30,90
ak47,weapon_ak47,old,#CSO2_ITEM_NAME_AK47_old,,,,0,AssaultRifle,A,31,83,79,91,72,55,30,90
m4a1,weapon_m4a1,default,#CSO2_ITEM_NAME_M4A1,,,,0,AssaultRifle,L,29,88,92,91,76,88,30,90
m4a1,weapon_m4a1,gold,#CSO2_ITEM_NAME_M4A1_gold,,,,0,AssaultRifle,S,29,88,92,91,76,88,30,90
m4a1,weapon_m4a1,tan,#CSO2_ITEM_NAME_M4A1_tan,,,,0,AssaultRifle,A,29,88,92,91,76,88,30,90
aek971,weapon_aek971,default,#CSO2_ITEM_NAME_aek971,,,,0,AssaultRifle,L,30,85,81,91,72,57,30,90
scarl,weapon_scarl,default,#CSO2_ITEM_NAME_scarl,,,,0,AssaultRifle,L,29,89,90,91,76,87,30,90
ak12,weapon_ak12,default,#CSO2_ITEM_NAME_ak12,,,,0,AssaultRifle,L,30,86,83,91,73,60,30,90
acr,weapon_acr,default,#CSO2_ITEM_NAME_acr,,,,0,AssaultRifle,L,29,90,91,91,75,88,30,90
sg552,weapon_sg552,default,#CSO2_ITEM_NAME_SG552,,,,0,AssaultRifle,L,29,90,82,91,78,78,30,90
aug,weapon_aug,default,#CSO2_ITEM_NAME_Aug,,,,0,AssaultRifle,L,28,90,82,91,81,68,30,90
scout,weapon_scout,default,#CSO2_ITEM_NAME_Scout,,,,0,SniperRifle,L,65,88,70,36,90,60,10,90
awp,weapon_awp,default,#CSO2_ITEM_NAME_AWP,,,,0,SniperRifle,L,100,100,70,26,67,50,10,30
awp,weapon_awp,cupid,#CSO2_ITEM_NAME_cupidawp,,,,0,SniperRifle,A,100,100,70,26,67,50,10,30
awp,weapon_awp,tan,#CSO2_ITEM_NAME_awp_tan,,,,0,SniperRifle,A,100,100,70,26,67,50,10,30
g3sg1,weapon_g3sg1,default,#CSO2_ITEM_NAME_G3SG1,,,,0,SniperRifle,L,70,55,72,83,67,55,20,90
sg550,weapon_sg550,default,#CSO2_ITEM_NAME_SG550,,,,0,SniperRifle,L,61,62,76,83,67,50,30,90
m249,weapon_m249,default,#CSO2_ITEM_NAME_M249,,,,0,Machinegun,L,28,78,79,90,71,78,100,200
mp7,weapon_mp7,default,#CSO2_ITEM_NAME_MP7,,,,0,Submachinegun,L,25,74,90,92,85,80,40,120
striker12,weapon_striker12,default,#CSO2_ITEM_NAME_striker12,,,,0,Shotgun,L,52,100,48,68,81,45,12,36
fal,weapon_fal,default,#CSO2_ITEM_NAME_fal,,,,0,AssaultRifle,L,31,76,77,91,70,50,20,100
fnc,weapon_fnc,default,#CSO2_ITEM_NAME_FNC,,,,0,AssaultRifle,L,29,85,88,91,70,79,30,90
f2000,weapon_f2000,default,#CSO2_ITEM_NAME_f2000,,,,0,AssaultRifle,L,29,87,90,91,74,88,30,90
scarh,weapon_scarh,default,#CSO2_ITEM_NAME_scarH,,,,0,AssaultRifle,L,31,85,82,91,76,76,20,100
dr200,weapon_dr200,default,#CSO2_ITEM_NAME_dr200,,,,0,AssaultRifle,L,28,80,86,91,70,72,30,90
waltherpp,weapon_waltherpp,default,#CSO2_ITEM_NAME_waltherpp,,,,0,Pistol,L,23,92,32,61,76,80,7,84
m60,weapon_m60,default,#CSO2_ITEM_NAME_m60,,,,0,Machinegun,L,32,79,79,89,70,80,100,200
mx4,weapon_mx4,default,#CSO2_ITEM_NAME_mx4,,,,0,Submachinegun,L,24,79,94,92,85,82,30,120
rpg7,weapon_rpg7,default,#CSO2_ITEM_NAME_rpg7,,,,0,,L,0,0,0,0,0,0,0,0
krisssuperv,weapon_krisssuperv,default,#CSO2_ITEM_NAME_kriss_superv,,,,0,Submachinegun,L,28,76,92,91,85,86,25,100
mount_mg,weapon_mount_mg,default,#CSO2_ITEM_NAME_mount_mg,,,,0,,L,0,0,0,0,0,0,0,0
mount_cannon,weapon_mount_cannon,default,#CSO2_ITEM_NAME_mount_canon,,,,0,,L,0,0,0,0,0,0,0,0
ar57,weapon_ar57,default,#CSO2_ITEM_NAME_ar57,,,,0,Submachinegun,L,18,70,93,92,83,91,50,100
t65,weapon_t65,default,#CSO2_ITEM_NAME_T65,,,,0,AssaultRifle,L,29,83,88,91,70,78,30,90
t86,weapon_t86,default,#CSO2_ITEM_NAME_T86,,,,0,AssaultRifle,L,26,89,82,90,70,88,30,90
m870,weapon_m870,default,#CSO2_ITEM_NAME_m870,,,,0,Shotgun,L,80,100,40,62,76,40,8,32
pkm,weapon_pkm,default,#CSO2_ITEM_NAME_pkm,,,,0,Machinegun,L,33,81,70,87,68,80,120,200
k5,weapon_k5,default,#CSO2_ITEM_NAME_k5,,,,0,Pistol,L,34,93,70,83,85,75,13,120
k1,weapon_k1,default,#CSO2_ITEM_NAME_k1,,,,0,Submachinegun,L,29,70,85,90,85,70,20,90
dbarrel,weapon_dbarrel,default,#CSO2_ITEM_NAME_dbarrel,,,,0,Shotgun,L,86,100,33,17,80,37,2,36
g3ka4,weapon_g3ka4,default,#CSO2_ITEM_NAME_g3ka4,,,,0,AssaultRifle,L,31,78,81,92,73,55,20,100
g36k,weapon_g36k,default,#CSO2_ITEM_NAME_g36k,,,,0,AssaultRifle,L,29,84,83,91,75,81,30,90
mg3,weapon_mg3,default,#CSO2_ITEM_NAME_mg3,,,,0,Machinegun,L,30,60,74,95,68,72,150,200
trg42,weapon_trg42,default,#CSO2_ITEM_NAME_TRG42,,,,0,SniperRifle,L,100,100,70,24,70,50,10,30
pkmfire,weapon_pkmfire,default,#CSO2_ITEM_NAME_pkmfire,,,,0,Machinegun,L,33,81,70,87,68,80,120,200
k2c,weapon_k2c,default,#CSO2_ITEM_NAME_k2c,,,,0,AssaultRifle,L,28,91,88,89,80,68,30,90
mk23,weapon_mk23,default,#CSO2_ITEM_NAME_MK23,,,,0,Pistol,L,30,78,70,90,85,80,12,100
m4a1flash,weapon_m4a1flash,default,#CSO2_ITEM_NAME_M4A1FLASH,,,,0,AssaultRifle,SS,29,88,92,91,76,88,30,90
ak47flash,weapon_ak47flash,default,#CSO2_ITEM_NAME_AK47FLASH,,,,0,AssaultRifle,SS,31,83,79,91,72,55,30,90
qsz92,weapon_qsz92,default,#CSO2_ITEM_NAME_qsz92,,,,0,Pistol,L,34,93,70,83,85,75,20,100
qbs09,weapon_qbs09,default,#CSO2_ITEM_NAME_qbs09,,,,0,Shotgun,L,52,100,48,76,81,45,5,32
m1903a3,weapon_m1903a3,default,#CSO2_ITEM_NAME_m1903a3,,,,0,AssaultRifle,L,65,95,70,40,71,80,5,100
m1garand,weapon_m1garand,default,#CSO2_ITEM_NAME_M1GARAND,,,,0,AssaultRifle,L,60,92,70,55,71,70,8,100
msbs,weapon_msbs,default,#CSO2_ITEM_NAME_MSBS,,,,0,AssaultRifle,L,29,90,82,91,78,78,30,90
csls06,weapon_csls06,default,#CSO2_ITEM_NAME_csls06,,,,0,Submachinegun,L,17,65,91,92,85,89,50,100
m3boom,weapon_m3boom,default,#CSO2_ITEM_NAME_m3boom,,,,0,Shotgun,N,78,100,40,54,76,40,4,32
m14ebr,weapon_m14ebr,default,#CSO2_ITEM_NAME_m14ebr,,,,0,AssaultRifle,L,40,83,79,79,70,80,20,100
thunder,weapon_thunder,default,#CSO2_ITEM_NAME_thunder,,,,0,Pistol,N,100,70,38,19,69,50,1,50
m99,weapon_m99,default,#CSO2_ITEM_NAME_m99,,,,0,SniperRifle,L,100,80,42,22,69,54,1,50
mp7phoenix,weapon_mp7phoenix,default,#CSO2_ITEM_NAME_mp7phoenix,,,,0,Submachinegun,SS,25,74,90,92,85,80,40,120
deaglephoenix,weapon_deaglephoenix,default,#CSO2_ITEM_NAME_deserteaglephoenix,,,,0,Pistol,SS,47,45,70,81,85,40,7,35
deaglephoenix,weapon_deaglephoenix,special,#CSO2_ITEM_NAME_deserteaglephoenix,,,,0,Pistol,SS,47,45,70,81,85,40,7,35
mk18,weapon_mk18,default,#CSO2_ITEM_NAME_mk18,,,,0,AssaultRifle,L,29,88,92,91,76,88,30,90
akm,weapon_akm,default,#CSO2_ITEM_NAME_akm,,,,0,AssaultRifle,L,31,83,79,91,72,55,30,90
awm,weapon_awm,default,#CSO2_ITEM_NAME_awm,,,,0,SniperRifle,L,100,100,70,26,67,50,10,30
m1911,weapon_m1911,default,#CSO2_ITEM_NAME_m1911,,,,0,Pistol,N,35,72,69,82,85,80,7,100
af2011a0,weapon_af2011a0,default,#CSO2_ITEM_NAME_af2011a0,,,,0,Pistol,SS,60,90,67,75,85,70,14,120
m16a4,weapon_m16a4,default,#CSO2_ITEM_NAME_m16a4,,,,0,AssaultRifle,L,29,92,90,86,70,86,30,90
lr300,weapon_lr300,default,#CSO2_ITEM_NAME_lr300,,,,0,AssaultRifle,L,29,90,90,91,78,84,30,90
tac15,weapon_tac15,default,#CSO2_ITEM_NAME_tac15,,,,0,SniperRifle,N,0,0,0,0,0,0,0,0
netlauncher,weapon_netlauncher,default,#CSO2_ITEM_NAME_netlauncher,,,,0,Shotgun,N,0,100,100,30,81,100,1,10
qbz95,weapon_qbz95,default,#CSO2_ITEM_NAME_qbz95,,,,0,AssaultRifle,L,29,91,90,91,78,84,30,90
m79,weapon_m79,default,#CSO2_ITEM_NAME_m79,,,,0,Machinegun,L,100,100,90,32,81,100,1,32
m32,weapon_m32,default,#CSO2_ITEM_NAME_m32,,,,0,Machinegun,L,100,100,90,40,81,100,6,32
paw20,weapon_paw20,default,#CSO2_ITEM_NAME_paw20,,,,0,Machinegun,L,100,100,90,50,81,100,6,60
chinalake,weapon_chinalake,default,#CSO2_ITEM_NAME_chinalake,,,,0,Machinegun,L,100,100,90,44,81,100,3,32
M95,weapon_m95,default,#CSO2_ITEM_NAME_m95,,,,0,SniperRifle,L,100,80,42,25,69,54,5,50
M107A1,weapon_m107a1,default,#CSO2_ITEM_NAME_m107a1,,,,0,SniperRifle,L,100,80,42,40,69,54,10,50
awmgauss,weapon_awmgauss,default,#CSO2_ITEM_NAME_awmgauss,,,,0,SniperRifle,SS,100,100,70,26,67,50,10,30
m16a2,weapon_m16a2,default,#CSO2_ITEM_NAME_m16a2,,,,0,AssaultRifle,L,30,85,88,91,70,88,30,90
k12,weapon_k12,default,#CSO2_ITEM_NAME_k12,,,,0,Machinegun,L,31,79,79,89,70,80,100,200
usas12,weapon_usas12,default,#CSO2_ITEM_NAME_usas12,,,,0,Shotgun,L,51,100,48,72,81,45,10,40
af2011a1,weapon_af2011a1,default,#CSO2_ITEM_NAME_af2011a1,,,,0,Pistol,L,60,90,67,75,85,70,14,100
gilboasnake,weapon_gilboasnake,default,#CSO2_ITEM_NAME_gilboasnake,,,,0,AssaultRifle,L,29,85,85,91,70,76,60,90
dp12,weapon_dp12,default,#CSO2_ITEM_NAME_dp12,,,,0,Shotgun,L,78,100,40,54,76,40,14,32
triplebarrel,weapon_triplebarrel,default,#CSO2_ITEM_NAME_triplebarrel,,,,0,Shotgun,L,92,100,30,17,78,34,3,36
m3dragon,weapon_m3dragon,default,#CSO2_ITEM_NAME_m3dragon,,,,0,Shotgun,SS,78,100,40,54,76,40,8,32
qjy88,weapon_qjy88,default,#CSO2_ITEM_NAME_qjy88,,,,0,Machinegun,L,28,80,81,89,70,81,100,200
m16a4m203,weapon_m16a4m203,default,#CSO2_ITEM_NAME_m16a4m203,,,,0,AssaultRifle,U,29,92,90,86,70,86,30,90
galilsniper,weapon_galilsniper,default,#CSO2_ITEM_NAME_galilsniper,,,,0,SniperRifle,U,68,55,72,84,67,55,20,100
svt40,weapon_svt40,default,#CSO2_ITEM_NAME_svt40,,,,0,AssaultRifle,L,59,91,67,62,71,70,10,90
mosinnagant,weapon_mosinnagant,default,#CSO2_ITEM_NAME_mosinnagant,,,,0,AssaultRifle,L,65,95,70,40,71,80,5,90
xm8carbine,weapon_xm8carbine,default,#CSO2_ITEM_NAME_xm8carbine,,,,0,AssaultRifle,L,29,84,83,91,75,81,30,90
hk416c,weapon_hk416c,default,#CSO2_ITEM_NAME_hk416c,,,,0,Submachinegun,L,29,73,84,91,85,72,30,90
m27iar,weapon_m27iar,default,#CSO2_ITEM_NAME_m27iar,,,,0,Machinegun,L,31,79,80,93,71,76,40,200
svd,weapon_svd,default,#CSO2_ITEM_NAME_svd,,,,0,SniperRifle,L,90,95,62,57,70,75,10,90
tmpmelt,weapon_tmpmelt,default,#CSO2_ITEM_NAME_tmpmelt,,,,0,Submachinegun,SS,17,73,83,92,85,90,30,120
50beowulf,weapon_beowulf,default,#CSO2_ITEM_NAME_beowulf,,,,0,AssaultRifle,L,62,80,76,72,76,73,10,60
t91,weapon_t91,default,#CSO2_ITEM_NAME_t91,,,,0,AssaultRifle,L,29,84,88,91,70,78,30,90
xt97,weapon_xt97,default,#CSO2_ITEM_NAME_xt97,,,,0,AssaultRifle,L,29,90,88,90,80,67,30,90
m99railgun,weapon_m99railgun,default,#CSO2_ITEM_NAME_m99railgun,,,,0,SniperRifle,SS,100,80,42,22,69,54,1,80
akmphoenix,weapon_akmphoenix,default,#CSO2_ITEM_NAME_akmphoenix,,,,0,AssaultRifle,SS,31,83,79,91,72,55,30,90
m3grease,weapon_m3grease,default,#CSO2_ITEM_NAME_m3grease,,,,0,Submachinegun,L,25,72,81,92,85,85,30,100
thompson,weapon_thompson,default,#CSO2_ITEM_NAME_thompson,,,,0,Submachinegun,L,26,75,91,90,85,84,30,100
bar,weapon_bar,default,#CSO2_ITEM_NAME_bar,,,,0,Machinegun,L,31,76,77,91,70,50,20,200
m60steam,weapon_m60steam,default,#CSO2_ITEM_NAME_m60steam,,,,0,Machinegun,SS,32,79,79,89,70,80,100,200
awmgaussplus,weapon_awmgaussplus,default,#CSO2_ITEM_NAME_awmgaussplus,,,,0,SniperRifle,SSP,100,100,70,26,67,50,10,30
tmpmeltplus,weapon_tmpmeltplus,default,#CSO2_ITEM_NAME_tmpmeltplus,,,,0,Submachinegun,SSP,17,73,83,92,85,90,30,120
mk18pulse,weapon_mk18pulse,default,#CSO2_ITEM_NAME_mk18pulse,,,,0,AssaultRifle,SS,29,88,92,91,76,88,30,90
m99railgunplus,weapon_m99railgunplus,default,#CSO2_ITEM_NAME_m99railgunplus,,,,0,SniperRifle,SSP,100,80,42,22,69,54,1,80
akmphoenix,weapon_akmphoenix,asiimov,#CSO2_ITEM_NAME_akm_asiimov,,,,0,AssaultRifle,SS,31,83,79,91,72,55,30,90
deserteagle,weapon_deagle,codered,#CSO2_ITEM_NAME_deserteagle_codered,,,,0,Pistol,S,47,45,70,81,85,40,7,35
akmphoenix,weapon_akmphoenix,asiimov2,#CSO2_ITEM_NAME_akm_asiimov2,,,,0,AssaultRifle,SS,31,83,79,91,72,55,30,90
mk18pulse,weapon_mk18pulse,blink,#CSO2_ITEM_NAME_mk18pulse_blink,,,,0,AssaultRifle,SS,29,88,92,91,76,88,30,90
qjy88,weapon_qjy88,galaxy,#CSO2_ITEM_NAME_qjy88_galaxy,,,,0,Machinegun,SS,28,80,81,89,70,81,100,200
elites,weapon_elite,blink,#CSO2_ITEM_NAME_elites_blink,,,,0,Pistol,SS,28,68,70,87,85,60,30,120
p90,weapon_p90,asiimov2,#CSO2_ITEM_NAME_P90_asiimov2,,,,0,Submachinegun,S,18,68,91,92,83,89,50,100
msbs,weapon_msbs,hell,#CSO2_ITEM_NAME_msbs_hell,,,,0,AssaultRifle,SS,29,90,82,91,78,78,30,90
csls06,weapon_csls06,hell,#CSO2_ITEM_NAME_csls06_hell,,,,0,Submachinegun,SS,20,65,91,92,85,89,50,100
dr200,weapon_dr200,nebula,#CSO2_ITEM_NAME_dr200_nebula,,,,0,AssaultRifle,S,28,80,86,91,70,72,30,90
deserteagle,weapon_deagle,hell,#CSO2_ITEM_NAME_deserteagle_hell,,,,0,Pistol,SSP,47,45,70,81,85,40,8,35
gilboasnake,weapon_gilboasnake,ghost,#CSO2_ITEM_NAME_gilboasnake_ghost,,,,0,AssaultRifle,SSP,29,85,85,91,70,76,60,90
akmphoenix,weapon_akmphoenix,nekopara,#CSO2_ITEM_NAME_akm_nekopara,,,,0,AssaultRifle,SS,31,83,79,91,72,55,30,90
xt97,weapon_xt97,nebula,#CSO2_ITEM_NAME_xt97_nebula,,,,0,AssaultRifle,S,29,90,88,90,80,67,30,90
m99railgun,weapon_m99railgun,crossbow,#CSO2_ITEM_NAME_m99railgun_crossbow,,,,0,SniperRifle,SS,100,80,42,22,69,54,1,80
,,,,,,,,,,,,,,,,,
,,,,,,,,,,,,,,,,,
// 厘厚幅,,,,,,,,,,,,,,,,,
kevlarvest,item_kevlar,default,#CSO2_ITEM_NAME_KEVLAR,,,,0,,L,0,0,0,0,0,0,0,0
kevlarvesthelmet,item_assaultsuit,default,#CSO2_ITEM_NAME_KEVLARHELMET,,,,0,,L,0,0,0,0,0,0,0,0
flashbang,weapon_flashbang,default,#CSO2_ITEM_NAME_Flashbang,,,,0,,L,0,0,0,0,0,0,0,0
hegrenade,weapon_hegrenade,default,#CSO2_ITEM_NAME_hegrenade,,,,0,,L,80,0,0,0,0,0,0,0
smokegrenade,weapon_smokegrenade,default,#CSO2_ITEM_NAME_SmokeGrenade,,,,0,,L,0,0,0,0,0,0,0,0
defusekit,item_defuser,default,#CSO2_ITEM_NAME_DEFUSEKIT,,,,0,,L,0,0,0,0,0,0,0,0
nightvision,nightvision,default,#CSO2_ITEM_NAME_NIGHTVISION,,,,0,,L,0,0,0,0,0,0,0,0
default_knife,weapon_knife,default,#CSO2_ITEM_NAME_Knife,,,,0,,L,0,0,0,0,0,0,0,0
crowbar,weapon_crowbar,default,#CSO2_ITEM_NAME_Crowbar,,,,0,,N,0,0,0,0,0,0,0,0
c4,weapon_c4,default,#CSO2_ITEM_NAME_C4,,,,0,,L,0,0,0,0,0,0,0,0
radio,weapon_radio,default,#CSO2_ITEM_NAME_radio,,,,0,,L,0,0,0,0,0,0,0,0
hegrenade,weapon_hegrenade,special,#CSO2_ITEM_NAME_helucketbag,,,1,1,,L,80,0,0,0,0,0,0,0
flashbang,weapon_flashbang,special,#CSO2_ITEM_NAME_fbfirework,,,1,1,,L,0,0,0,0,0,0,0,0
huntknife,weapon_huntknife,default,#CSO2_ITEM_NAME_huntknife,,,,0,,N,0,0,0,0,0,0,0,0
huntknife,weapon_huntknife,gold,#CSO2_ITEM_NAME_huntknife_gold,,,,0,,N,0,0,0,0,0,0,0,0
//vaccine,weapon_vaccine,default,#CSO2_ITEM_NAME_vaccine,,,,0,,L,0,0,0,0,0,0,0,0
survivorknife,weapon_survivorknife,default,#CSO2_ITEM_NAME_survivorknife,,,,0,,N,0,0,0,0,0,0,0,0
priammo,priammo,default,#CSO2_ITEM_NAME_priammo,,,,0,,L,0,0,0,0,0,0,0,0
secammo,secammo,default,#CSO2_ITEM_NAME_secammo,,,,0,,L,0,0,0,0,0,0,0,0
wrench,weapon_wrench,default,#CSO2_ITEM_NAME_wrench,,,,0,,N,0,0,0,0,0,0,0,0
hegrenade,weapon_hegrenade,milagrenade,#CSO2_ITEM_NAME_milagrenade,,,,0,,N,80,0,0,0,0,0,0,0
wrenchblack1,weapon_wrench_black1,default,#CSO2_ITEM_NAME_wrench_black1,,,,0,,N,0,0,0,0,0,0,0,0
wrenchgold1,weapon_wrench_gold1,default,#CSO2_ITEM_NAME_wrench_gold1,,,,0,,N,0,0,0,0,0,0,0,0
defaultknifecamo1,weapon_defaultknifecamo1,default,#CSO2_ITEM_NAME_defaultknifecamo1,,,,0,,L,0,0,0,0,0,0,0,0
taserknife,weapon_taserknife,default,#CSO2_ITEM_NAME_taserknife,,,,0,,N,0,0,0,0,0,0,0,0
hegrenade,weapon_hegrenade,mk2grenade,#CSO2_ITEM_NAME_mk2grenade,,,,0,,N,80,0,0,0,0,0,0,0
huntknife,weapon_huntknife,monkey1,#CSO2_ITEM_NAME_huntknife_monkey1,,,,0,,N,0,0,0,0,0,0,0,0
hegrenade,weapon_hegrenade,heart,#CSO2_ITEM_NAME_heartgrenade,,,,0,,N,80,0,0,0,0,0,0,0
hegrenade,weapon_hegrenade,heart2,#CSO2_ITEM_NAME_heartgrenade2,,,,0,,N,80,0,0,0,0,0,0,0
hegrenade,weapon_hegrenade,guided,#CSO2_ITEM_NAME_heartgrenade2,,,2,0,,N,80,0,0,0,0,0,0,0
smokegrenade,weapon_smokegrenade,tear,#CSO2_ITEM_NAME_smokegrenade_tear,,,1,0,,N,0,0,0,0,0,0,0,0
smokegrenade,weapon_smokegrenade,trans,#CSO2_ITEM_NAME_smokegrenade_trans,,,2,0,,N,0,0,0,0,0,0,0,0
smokegrenade,weapon_smokegrenade,stun,#CSO2_ITEM_NAME_smokegrenade_stun,,,3,0,,N,0,0,0,0,0,0,0,0
smokegrenade,weapon_smokegrenade,heal,#CSO2_ITEM_NAME_smokegrenade_heal,,,4,0,,N,0,0,0,0,0,0,0,0
smokegrenade,weapon_smokegrenade,ghost,#CSO2_ITEM_NAME_smokegrenade_ghost,,,5,0,,N,0,0,0,0,0,0,0,0
hegrenade,weapon_hegrenade,chngrenade,#CSO2_ITEM_NAME_chngrenade,,,,0,,N,80,0,0,0,0,0,0,0
toyhammer,weapon_toyhammer,default,#CSO2_ITEM_NAME_toyhammer,,Toyhammer,,0,,N,0,0,0,0,0,0,0,0
m9bayonet,weapon_m9bayonet,default,#CSO2_ITEM_NAME_M9BAYONET,,M9Bayonet,,0,,N,0,0,0,0,0,0,0,0
wrench,weapon_wrench,infernal1,#CSO2_ITEM_NAME_wrench_infernal1,,,,0,,N,0,0,0,0,0,0,0,0
harpoon,weapon_harpoon,default,#CSO2_ITEM_NAME_harpoon,,,,0,,N,0,0,0,0,0,0,0,0
harpoon,weapon_harpoon,gold,#CSO2_ITEM_NAME_harpoon_gold,,,,0,,N,0,0,0,0,0,0,0,0
crowbar,weapon_crowbar,gold,#CSO2_ITEM_NAME_Crowbar_gold,,,,0,,N,0,0,0,0,0,0,0,0
toyhammer,weapon_toyhammer,gold,#CSO2_ITEM_NAME_toyhammer_gold,,Toyhammer,,0,,S,0,0,0,0,0,0,0,0
default_knife,weapon_knife,miu,#CSO2_ITEM_NAME_Knife_Miu,,,,0,,N,0,0,0,0,0,0,0,0
default_knife,weapon_knife,athena,#CSO2_ITEM_NAME_Knife_Athena,,,,0,,N,0,0,0,0,0,0,0,0
ballantines,weapon_ballantines,default,#CSO2_ITEM_NAME_C4,,,,0,,L,0,0,0,0,0,0,0,0
candlexmas,weapon_candlexmas,default,#CSO2_ITEM_NAME_candlexmas,,,,0,,N,0,0,0,0,0,0,0,0
hegrenade,weapon_hegrenade,partygrenade,#CSO2_ITEM_NAME_partygrenade,,,,0,,L,80,0,0,0,0,0,0,0
default_knife,weapon_knife,2017chicken,#CSO2_ITEM_NAME_KNIFE_2017chicken,,,,0,,N,0,0,0,0,0,0,0,0
hegrenade,weapon_hegrenade,chocogrenade,#CSO2_ITEM_NAME_chocogrenade,,,,0,,L,80,0,0,0,0,0,0,0
default_knife,weapon_knife,lollipop,#CSO2_ITEM_NAME_KNIFE_lollipop,,,,0,,N,0,0,0,0,0,0,0,0
huntknife,weapon_huntknife,cobalt1,#CSO2_ITEM_NAME_huntknife_cobalt1,,,,0,,S,0,0,0,0,0,0,0,0
default_knife,weapon_knife,pickax,#CSO2_ITEM_NAME_KNIFE_pickax,,,,0,,N,0,0,0,0,0,0,0,0
default_knife,weapon_knife,icepickel,#CSO2_ITEM_NAME_KNIFE_icepickel,,,,0,,N,0,0,0,0,0,0,0,0
default_knife,weapon_knife,goldpop,#CSO2_ITEM_NAME_KNIFE_goldpop,,,,0,,S,0,0,0,0,0,0,0,0
default_knife,weapon_knife,phobos,#CSO2_ITEM_NAME_KNIFE_PHOBOS,,,,0,,N,0,0,0,0,0,0,0,0
kukriknife,weapon_kukriknife,default,#CSO2_ITEM_NAME_kukriknife,,,,0,,L,0,0,0,0,0,0,0,0
kukriknife,weapon_kukriknife,amethyst1,#CSO2_ITEM_NAME_kukriknife_amethyst1,,,,0,,S,0,0,0,0,0,0,0,0
default_knife,weapon_knife,oberon,#CSO2_ITEM_NAME_knife_oberon,,,,0,,N,0,0,0,0,0,0,0,0
tomahawkss,weapon_tomahawkss,default,#CSO2_ITEM_NAME_tomahawkss,,,,0,,SS,0,0,0,0,0,0,0,0
tomahawkss,weapon_tomahawkss,fire,#CSO2_ITEM_NAME_tomahawkss_fire,,,,0,,SS,0,0,0,0,0,0,0,0
tomahawkss,weapon_tomahawkss,black,#CSO2_ITEM_NAME_tomahawkss_black,,,,0,,SS,0,0,0,0,0,0,0,0
hegrenade,weapon_hegrenade,kr4yeargrenade,#CSO2_ITEM_NAME_kr4yeargrenade,,,,0,,S,80,0,0,0,0,0,0,0
default_knife,weapon_knife,dione,#CSO2_ITEM_NAME_knife_dione,,,,0,,N,0,0,0,0,0,0,0,0
default_knife,weapon_knife,2018dog,#CSO2_ITEM_NAME_knife_2018dog,,,,0,,N,0,0,0,0,0,0,0,0
defaultknifecamo1,weapon_defaultknifecamo1,nata,#CSO2_ITEM_NAME_defaultknifecamo1_nata,,,,0,,N,0,0,0,0,0,0,0,0
defaultknifecamo1,weapon_defaultknifecamo1,nata_nightmare,#CSO2_ITEM_NAME_defaultknifecamo1_nata_nightmare,,,,0,,S,0,0,0,0,0,0,0,0
default_knife,weapon_knife,crimson_web,#CSO2_ITEM_NAME_Crimson_Web,,,,0,,S,0,0,0,0,0,0,0,0
default_knife,weapon_knife,karambit_doppler,#CSO2_ITEM_NAME_karambit_doppler,,,,0,,S,0,0,0,0,0,0,0,0
,,,,,,,,,,,,,,,,,
//殿鞭力,,,,,,,,,,,,,,,,,
glock18,weapon_glock,spray1,#CSO2_ITEM_NAME_Glock18_spray1,,,,0,Pistol,C,22,67,100,86,85,70,20,120
usp45,weapon_usp,spray1,#CSO2_ITEM_NAME_USP_spray1,,,,0,Pistol,C,30,72,70,85,85,80,12,100
p228,weapon_p228,spray1,#CSO2_ITEM_NAME_P228_spray1,,,,0,Pistol,C,33,90,70,84,85,75,13,52
deserteagle,weapon_deagle,spray1,#CSO2_ITEM_NAME_DesertEagle_spray1,,,,0,Pistol,C,47,45,70,81,85,40,7,35
deserteagle,weapon_deagle,camo1,#CSO2_ITEM_NAME_DesertEagle_camo1,,,,0,Pistol,B,47,45,70,81,85,40,7,35
deserteagle,weapon_deagle,black1,#CSO2_ITEM_NAME_DesertEagle_black1,,,,0,Pistol,S,47,45,70,81,85,40,7,35
fiveseven,weapon_fiveseven,spray1,#CSO2_ITEM_NAME_FiveSeven_spray1,,,,0,Pistol,C,22,62,70,86,85,70,20,100
elites,weapon_elite,spray1,#CSO2_ITEM_NAME_Elites_spray1,,,,0,Pistol,C,28,68,70,87,85,60,30,120
elites,weapon_elite,camo1,#CSO2_ITEM_NAME_Elites_camo1,,,,0,Pistol,B,28,68,70,87,85,60,30,120
m3,weapon_m3,spray1,#CSO2_ITEM_NAME_m3_spray1,,,,0,Shotgun,C,78,100,40,54,76,40,8,32
m3,weapon_m3,camo1,#CSO2_ITEM_NAME_m3_camo1,,,,0,Shotgun,B,78,100,40,54,76,40,8,32
m3,weapon_m3,wolf1,#CSO2_ITEM_NAME_m3_wolf1,,,,0,Shotgun,A,78,100,40,54,76,40,8,32
xm1014,weapon_xm1014,spray1,#CSO2_ITEM_NAME_xm1014_spray1,,,,0,Shotgun,C,52,100,48,76,81,45,7,32
xm1014,weapon_xm1014,camo1,#CSO2_ITEM_NAME_xm1014_camo1,,,,0,Shotgun,B,52,100,48,76,81,45,7,32
mac10,weapon_mac10,spray1,#CSO2_ITEM_NAME_MAC10_spray1,,,,0,Submachinegun,C,25,72,81,92,85,85,30,100
tmp,weapon_tmp,spray1,#CSO2_ITEM_NAME_Tmp_spray1,,,,0,Submachinegun,C,17,73,83,92,85,90,30,120
mp5,weapon_mp5navy,spray1,#CSO2_ITEM_NAME_MP5_spray1,,,,0,Submachinegun,C,23,79,92,92,85,80,30,120
mp5,weapon_mp5navy,camo1,#CSO2_ITEM_NAME_MP5_camo1,,,,0,Submachinegun,B,23,79,92,92,85,80,30,120
ump45,weapon_ump45,spray1,#CSO2_ITEM_NAME_UMP45_spray1,,,,0,Submachinegun,C,26,75,91,90,85,84,25,100
p90,weapon_p90,spray1,#CSO2_ITEM_NAME_P90_spray1,,,,0,Submachinegun,C,18,68,91,92,83,89,50,100
p90,weapon_p90,camo1,#CSO2_ITEM_NAME_P90_camo1,,,,0,Submachinegun,B,18,68,91,92,83,89,50,100
galil,weapon_galil,spray1,#CSO2_ITEM_NAME_Galil_spray1,,,,0,AssaultRifle,C,26,77,82,91,70,69,35,90
galil,weapon_galil,camo1,#CSO2_ITEM_NAME_Galil_camo1,,,,0,AssaultRifle,B,26,77,82,91,70,69,35,90
famas,weapon_famas,spray1,#CSO2_ITEM_NAME_Famas_spray1,,,,0,AssaultRifle,C,26,90,82,88,73,90,25,90
famas,weapon_famas,camo1,#CSO2_ITEM_NAME_Famas_camo1,,,,0,AssaultRifle,B,26,90,82,88,73,90,25,90
ak47,weapon_ak47,spray1,#CSO2_ITEM_NAME_AK47_spray1,,,,0,AssaultRifle,C,31,83,79,91,72,55,30,90
ak47,weapon_ak47,camo1,#CSO2_ITEM_NAME_AK47_camo1,,,,0,AssaultRifle,B,31,83,79,91,72,55,30,90
m4a1,weapon_m4a1,spray1,#CSO2_ITEM_NAME_M4A1_spray1,,,,0,AssaultRifle,C,29,88,92,91,76,88,30,90
m4a1,weapon_m4a1,camo1,#CSO2_ITEM_NAME_M4A1_camo1,,,,0,AssaultRifle,B,29,88,92,91,76,88,30,90
sg552,weapon_sg552,spray1,#CSO2_ITEM_NAME_SG552_spray1,,,,0,AssaultRifle,C,29,90,82,91,78,78,30,90
sg552,weapon_sg552,opal1,#CSO2_ITEM_NAME_SG552_opal1,,,,0,AssaultRifle,S,29,90,82,91,78,78,30,90
aug,weapon_aug,spray1,#CSO2_ITEM_NAME_Aug_spray1,,,,0,AssaultRifle,C,28,90,82,91,81,68,30,90
aug,weapon_aug,opal1,#CSO2_ITEM_NAME_Aug_opal1,,,,0,AssaultRifle,S,28,90,82,91,81,68,30,90
scout,weapon_scout,spray1,#CSO2_ITEM_NAME_Scout_spray1,,,,0,SniperRifle,C,65,88,70,36,90,60,10,90
awp,weapon_awp,spray1,#CSO2_ITEM_NAME_AWP_spray1,,,,0,SniperRifle,C,100,100,70,26,67,50,10,30
awp,weapon_awp,camo1,#CSO2_ITEM_NAME_AWP_camo1,,,,0,SniperRifle,B,100,100,70,26,67,50,10,30
g3sg1,weapon_g3sg1,spray1,#CSO2_ITEM_NAME_G3SG1_spray1,,,,0,SniperRifle,C,70,55,72,83,67,55,20,90
sg550,weapon_sg550,spray1,#CSO2_ITEM_NAME_SG550_spray1,,,,0,AssaultRifle,C,61,62,76,83,67,50,30,90
m249,weapon_m249,spray1,#CSO2_ITEM_NAME_M249_spray1,,,,0,Machinegun,C,28,78,79,90,71,78,100,200
mp7,weapon_mp7,spray1,#CSO2_ITEM_NAME_MP7_spray1,,,,0,Submachinegun,C,25,74,90,92,85,80,40,120
mp7,weapon_mp7,camo1,#CSO2_ITEM_NAME_MP7_camo1,,,,0,Submachinegun,B,25,74,90,92,85,80,40,120
striker12,weapon_striker12,spray1,#CSO2_ITEM_NAME_striker12_spray1,,,,0,Shotgun,C,52,100,48,68,81,45,12,36
striker12,weapon_striker12,camo1,#CSO2_ITEM_NAME_striker12_camo1,,,,0,Shotgun,B,52,100,48,68,81,45,12,36
fal,weapon_fal,spray1,#CSO2_ITEM_NAME_fal_spray1,,,,0,AssaultRifle,C,31,76,77,91,70,50,20,100
fal,weapon_fal,camo1,#CSO2_ITEM_NAME_fal_camo1,,,,0,AssaultRifle,B,31,76,77,91,70,50,20,100
fnc,weapon_fnc,spray1,#CSO2_ITEM_NAME_FNC_spray1,,,,0,AssaultRifle,C,29,85,88,91,70,79,30,90
fnc,weapon_fnc,camo1,#CSO2_ITEM_NAME_FNC_camo1,,,,0,AssaultRifle,B,29,85,88,91,70,79,30,90
f2000,weapon_f2000,spray1,#CSO2_ITEM_NAME_f2000_spray1,,,,0,AssaultRifle,C,29,87,90,91,74,88,30,90
m60,weapon_m60,spray1,#CSO2_ITEM_NAME_m60_spray1,,,,0,Machinegun,C,32,79,79,89,70,80,100,200
m60,weapon_m60,camo1,#CSO2_ITEM_NAME_m60_camo1,,,,0,Machinegun,B,32,79,79,89,70,80,100,200
mx4,weapon_mx4,spray1,#CSO2_ITEM_NAME_mx4_spray1,,,,0,Submachinegun,C,24,79,94,92,85,82,30,120
mx4,weapon_mx4,camo1,#CSO2_ITEM_NAME_mx4_camo1,,,,0,Submachinegun,B,24,79,94,92,85,82,30,120
krisssuperv,weapon_krisssuperv,spray1,#CSO2_ITEM_NAME_kriss_superv_spray1,,,,0,Submachinegun,C,28,76,92,91,85,86,25,100
krisssuperv,weapon_krisssuperv,camo1,#CSO2_ITEM_NAME_kriss_superv_camo1,,,,0,Submachinegun,B,28,76,92,91,85,86,25,100
krisssuperv,weapon_krisssuperv,puma1,#CSO2_ITEM_NAME_kriss_superv_puma1,,,,0,Submachinegun,A,28,76,92,91,85,86,25,100
ar57,weapon_ar57,spray1,#CSO2_ITEM_NAME_ar57_spray1,,,,0,Submachinegun,C,18,70,93,92,83,91,50,100
ar57,weapon_ar57,camo1,#CSO2_ITEM_NAME_ar57_camo1,,,,0,Submachinegun,B,18,70,93,92,83,91,50,100
ar57,weapon_ar57,snake1,#CSO2_ITEM_NAME_ar57_snake1,,,,0,Submachinegun,A,18,70,93,92,83,91,50,100
aek971,weapon_aek971,spray1,#CSO2_ITEM_NAME_aek971_spray1,,,,0,AssaultRifle,C,30,85,81,91,72,57,30,90
aek971,weapon_aek971,camo1,#CSO2_ITEM_NAME_aek971_camo1,,,,0,AssaultRifle,B,30,85,81,91,72,57,30,90
t65,weapon_t65,spray1,#CSO2_ITEM_NAME_T65_spray1,,,,0,AssaultRifle,C,29,83,88,91,70,78,30,90
t65,weapon_t65,camo1,#CSO2_ITEM_NAME_T65_camo1,,,,0,AssaultRifle,B,29,83,88,91,70,78,30,90
t86,weapon_t86,spray1,#CSO2_ITEM_NAME_T86_spray1,,,,0,AssaultRifle,C,26,89,82,90,70,88,30,90
t86,weapon_t86,camo1,#CSO2_ITEM_NAME_T86_camo1,,,,0,AssaultRifle,B,26,89,82,90,70,88,30,90
scarl,weapon_scarl,spray1,#CSO2_ITEM_NAME_scarl_spray1,,,,0,AssaultRifle,C,29,89,90,91,76,87,30,90
scarl,weapon_scarl,camo1,#CSO2_ITEM_NAME_scarl_camo1,,,,0,AssaultRifle,B,29,89,90,91,76,87,30,90
ak12,weapon_ak12,spray1,#CSO2_ITEM_NAME_ak12_spray1,,,,0,AssaultRifle,C,30,86,83,91,73,60,30,90
ak12,weapon_ak12,camo1,#CSO2_ITEM_NAME_ak12_camo1,,,,0,AssaultRifle,B,30,86,83,91,73,60,30,90
acr,weapon_acr,spray1,#CSO2_ITEM_NAME_acr_spray1,,,,0,AssaultRifle,C,29,90,91,91,75,88,30,90
acr,weapon_acr,camo1,#CSO2_ITEM_NAME_acr_camo1,,,,0,AssaultRifle,B,29,90,91,91,75,88,30,90
awp,weapon_awp,gold2,#CSO2_ITEM_NAME_AWP_gold2,,,,0,SniperRifle,N,100,100,70,26,67,50,10,30
deserteagle,weapon_deagle,gold1,#CSO2_ITEM_NAME_DesertEagle_gold1,,,,0,Pistol,N,47,45,70,81,85,40,7,35
anaconda,weapon_anaconda,gold1,#CSO2_ITEM_NAME_ANACONDA_gold1,,,,0,Pistol,N,42,44,71,86,85,45,6,36
scarh,weapon_scarh,spray1,#CSO2_ITEM_NAME_scarH_spray1,,,,0,AssaultRifle,C,31,85,82,91,76,76,20,100
scarh,weapon_scarh,camo1,#CSO2_ITEM_NAME_scarH_camo1,,,,0,AssaultRifle,B,31,85,82,91,76,76,20,100
waltherpp,weapon_waltherpp,silver1,#CSO2_ITEM_NAME_waltherpp_silver1,,,,0,Pistol,L,23,92,32,61,76,80,7,84
scout,weapon_scout,camo1,#CSO2_ITEM_NAME_scout_camo1,,,,0,SniperRifle,B,65,88,70,36,90,60,10,90
scout,weapon_scout,goat1,#CSO2_ITEM_NAME_scout_goat1,,,,0,SniperRifle,A,65,88,70,36,90,60,10,90
m249,weapon_m249,camo1,#CSO2_ITEM_NAME_m249_camo1,,,,0,Machinegun,B,28,78,79,90,71,78,100,200
m249,weapon_m249,bat1,#CSO2_ITEM_NAME_m249_bat1,,,,0,Machinegun,A,28,78,79,90,71,78,100,200
deserteagle,weapon_deagle,eagle1,#CSO2_ITEM_NAME_deserteagle_eagle1,,,,0,Pistol,A,47,45,70,81,85,40,7,35
aek971,weapon_aek971,eagle1,#CSO2_ITEM_NAME_aek971_eagle1,,,,0,AssaultRifle,A,30,85,81,91,72,57,30,90
scarl,weapon_scarl,whale1,#CSO2_ITEM_NAME_scarl_whale1,,,,0,AssaultRifle,A,29,89,90,91,76,87,30,90
m60,weapon_m60,komodo1,#CSO2_ITEM_NAME_m60_komodo1,,,,0,Machinegun,A,32,79,79,89,70,80,100,200
m3,weapon_m3,gold1,#CSO2_ITEM_NAME_m3_gold1,,,,0,Shotgun,S,78,100,40,54,76,40,8,32
anaconda,weapon_anaconda,red1,#CSO2_ITEM_NAME_ANACONDA_red1,,,,0,Pistol,N,42,44,71,86,85,45,6,36
mp5,weapon_mp5navy,gold1,#CSO2_ITEM_NAME_MP5_gold1,,,,0,Submachinegun,S,23,79,92,92,85,80,30,120
scout,weapon_scout,gold1,#CSO2_ITEM_NAME_Scout_gold1,,,,0,SniperRifle,S,65,88,70,36,90,60,10,90
sg550,weapon_sg550,camo1,#CSO2_ITEM_NAME_sg550_camo1,,,,0,SniperRifle,B,61,62,76,83,67,50,30,90
g3sg1,weapon_g3sg1,camo1,#CSO2_ITEM_NAME_g3sg1_camo1,,,,0,SniperRifle,B,70,55,72,83,67,55,20,90
famas,weapon_famas,chicken1,#CSO2_ITEM_NAME_famas_chicken1,,,,0,AssaultRifle,A,26,90,82,88,73,90,25,90
galil,weapon_galil,caracal1,#CSO2_ITEM_NAME_galil_caracal1,,,,0,AssaultRifle,A,26,77,82,91,70,69,35,90
sg550,weapon_sg550,schweizergarde1,#CSO2_ITEM_NAME_sg550_schweizergarde1,,,,0,SniperRifle,A,61,62,76,83,67,50,30,90
g3sg1,weapon_g3sg1,heer1,#CSO2_ITEM_NAME_g3sg1_heer1,,,,0,SniperRifle,A,70,55,72,83,67,55,20,90
m60,weapon_m60,gold1,#CSO2_ITEM_NAME_m60_gold1,,,,0,Machinegun,S,32,79,79,89,70,80,100,200
famas,weapon_famas,gold1,#CSO2_ITEM_NAME_famas_gold1,,,,0,AssaultRifle,S,26,90,82,88,73,90,25,90
galil,weapon_galil,gold1,#CSO2_ITEM_NAME_galil_gold1,,,,0,AssaultRifle,S,26,77,82,91,70,69,35,90
ar57,weapon_ar57,chrome1,#CSO2_ITEM_NAME_ar57_chrome1,,,,0,Submachinegun,S,18,70,93,92,83,91,50,100
mp7,weapon_mp7,chrome1,#CSO2_ITEM_NAME_mp7_chrome1,,,,0,Submachinegun,S,25,74,90,92,85,80,40,120
krisssuperv,weapon_krisssuperv,chrome1,#CSO2_ITEM_NAME_krisssuperv_chrome1,,,,0,Submachinegun,S,28,76,92,91,85,86,25,100
striker12,weapon_striker12,chrome1,#CSO2_ITEM_NAME_striker12_chrome1,,,,0,Shotgun,S,52,100,48,68,81,45,12,36
usp45,weapon_usp,dolphin1,#CSO2_ITEM_NAME_usp_dolphin1,,,,0,Pistol,A,30,72,70,85,85,80,12,100
usp45,weapon_usp,camo1,#CSO2_ITEM_NAME_usp_camo1,,,,0,Pistol,B,30,72,70,85,85,80,12,100
mg3,weapon_mg3,amethyst1,#CSO2_ITEM_NAME_mg3_amethyst1,,,,0,Machinegun,S,30,60,74,95,68,72,150,200
dbarrel,weapon_dbarrel,amethyst1,#CSO2_ITEM_NAME_dbarrel_amethyst1,,,,0,Shotgun,S,86,100,33,17,80,37,2,36
ak12,weapon_ak12,amethyst1,#CSO2_ITEM_NAME_ak12_amethyst1,,,,0,AssaultRifle,S,30,86,83,91,73,60,30,90
acr,weapon_acr,amethyst1,#CSO2_ITEM_NAME_acr_amethyst1,,,,0,AssaultRifle,S,29,90,91,91,75,88,30,90
qbs09,weapon_qbs09,china1,#CSO2_ITEM_NAME_qbs09_china1,,,,0,Shotgun,A,52,100,48,76,81,45,5,32
awp,weapon_awp,1111,#CSO2_ITEM_NAME_AWP_1111,,,,0,SniperRifle,A,100,100,70,26,67,50,10,30
m4a1,weapon_m4a1,1111,#CSO2_ITEM_NAME_m4a1_1111,,,,0,AssaultRifle,B,29,88,92,91,76,88,30,90
ak47,weapon_ak47,1111,#CSO2_ITEM_NAME_ak47_1111,,,,0,AssaultRifle,B,31,83,79,91,72,55,30,90
m3boom,weapon_m3boom,amethyst1,#CSO2_ITEM_NAME_m3boom_amethyst1,,,,0,Shotgun,N,78,100,40,54,76,40,4,32
ak12,weapon_ak12,xmas,#CSO2_ITEM_NAME_ak12_xmas1,,,,0,AssaultRifle,S,30,86,83,91,73,60,30,90
acr,weapon_acr,xmas,#CSO2_ITEM_NAME_acr_xmas1,,,,0,AssaultRifle,S,29,90,91,91,75,88,30,90
elites,weapon_elite,silver1,#CSO2_ITEM_NAME_elites_silver1,,,,0,Pistol,S,28,68,70,87,85,60,30,120
fiveseven,weapon_fiveseven,silver1,#CSO2_ITEM_NAME_fiveseven_silver1,,,,0,Pistol,S,22,62,70,86,85,70,20,100
m60,weapon_m60,silver1,#CSO2_ITEM_NAME_m60_silver1,,,,0,Machinegun,S,32,79,79,89,70,80,100,200
xm1014,weapon_xm1014,silver1,#CSO2_ITEM_NAME_xm1014_silver1,,,,0,Shotgun,S,52,100,48,76,81,45,7,32
p90,weapon_p90,silver1,#CSO2_ITEM_NAME_p90_silver1,,,,0,Submachinegun,S,18,68,91,92,83,89,50,100
scarh,weapon_scarh,silver1,#CSO2_ITEM_NAME_scarh_silver1,,,,0,AssaultRifle,S,31,85,82,91,76,76,20,100
awm,weapon_awm,twgold,#CSO2_ITEM_NAME_awm_twgold,,,,0,SniperRifle,S,100,100,70,26,67,50,10,30
mk18,weapon_mk18,spray1,#CSO2_ITEM_NAME_mk18,,,,0,AssaultRifle,C,29,88,92,91,76,88,30,90
mk18,weapon_mk18,camo1,#CSO2_ITEM_NAME_mk18,,,,0,AssaultRifle,B,29,88,92,91,76,88,30,90
akm,weapon_akm,spray1,#CSO2_ITEM_NAME_akm,,,,0,AssaultRifle,C,31,83,79,91,72,55,30,90
akm,weapon_akm,camo1,#CSO2_ITEM_NAME_akm,,,,0,AssaultRifle,B,31,83,79,91,72,55,30,90
awm,weapon_awm,spray1,#CSO2_ITEM_NAME_awm,,,,0,SniperRifle,C,100,100,70,26,67,50,10,30
awm,weapon_awm,camo1,#CSO2_ITEM_NAME_awm,,,,0,SniperRifle,B,100,100,70,26,67,50,10,30
xm1014,weapon_xm1014,heart1,#CSO2_ITEM_NAME_xm1014_heart1,,,,0,Shotgun,A,52,100,48,76,81,45,7,32
striker12,weapon_striker12,cobalt1,#CSO2_ITEM_NAME_striker12_cobalt1,,,,0,Shotgun,S,52,100,48,68,81,45,12,36
scarl,weapon_scarl,cobalt1,#CSO2_ITEM_NAME_scarl_cobalt1,,,,0,AssaultRifle,S,29,89,90,91,76,87,30,90
aek971,weapon_aek971,cobalt1,#CSO2_ITEM_NAME_aek971_cobalt1,,,,0,AssaultRifle,S,30,85,81,91,72,57,30,90
k5,weapon_k5,paint1,#CSO2_ITEM_NAME_k5_paint1,,,,0,Pistol,C,34,93,70,83,85,75,13,120
k5,weapon_k5,camo2,#CSO2_ITEM_NAME_k5_camo2,,,,0,Pistol,B,34,93,70,83,85,75,13,120
k5,weapon_k5,infernal1,#CSO2_ITEM_NAME_k5_infernal1,,,,0,Pistol,A,34,93,70,83,85,75,13,120
k1,weapon_k1,paint1,#CSO2_ITEM_NAME_k1_paint1,,,,0,Submachinegun,C,29,70,85,90,85,70,20,90
k1,weapon_k1,camo2,#CSO2_ITEM_NAME_k1_camo2,,,,0,Submachinegun,B,29,70,85,90,85,70,20,90
k2c,weapon_k2c,paint1,#CSO2_ITEM_NAME_k2c_paint1,,,,0,AssaultRifle,C,28,91,88,89,80,68,30,90
k2c,weapon_k2c,camo2,#CSO2_ITEM_NAME_k2c_camo2,,,,0,AssaultRifle,B,28,91,88,89,80,68,30,90
qsz92,weapon_qsz92,paint1,#CSO2_ITEM_NAME_qsz92_paint1,,,,0,Pistol,C,34,93,70,83,85,75,20,100
qsz92,weapon_qsz92,camo2,#CSO2_ITEM_NAME_qsz92_camo2,,,,0,Pistol,B,34,93,70,83,85,75,20,100
qbs09,weapon_qbs09,paint1,#CSO2_ITEM_NAME_qbs09_paint1,,,,0,Shotgun,C,52,100,48,76,81,45,5,32
qbs09,weapon_qbs09,camo2,#CSO2_ITEM_NAME_qbs09_camo2,,,,0,Shotgun,B,52,100,48,76,81,45,5,32
csls06,weapon_csls06,paint1,#CSO2_ITEM_NAME_csls06_paint1,,,,0,Submachinegun,C,17,65,91,92,85,89,50,100
csls06,weapon_csls06,camo2,#CSO2_ITEM_NAME_csls06_camo2,,,,0,Submachinegun,B,17,65,91,92,85,89,50,100
akm,weapon_akm,paint1,#CSO2_ITEM_NAME_akm_paint1,,,,0,AssaultRifle,C,31,83,79,91,72,55,30,90
akm,weapon_akm,camo2,#CSO2_ITEM_NAME_akm_camo2,,,,0,AssaultRifle,B,31,83,79,91,72,55,30,90
akm,weapon_akm,infernal1,#CSO2_ITEM_NAME_akm_infernal1,,,,0,AssaultRifle,A,31,83,79,91,72,55,30,90
mk18,weapon_mk18,paint1,#CSO2_ITEM_NAME_mk18_paint1,,,,0,AssaultRifle,C,29,88,92,91,76,88,30,90
mk18,weapon_mk18,camo2,#CSO2_ITEM_NAME_mk18_camo2,,,,0,AssaultRifle,B,29,88,92,91,76,88,30,90
mk18,weapon_mk18,infernal1,#CSO2_ITEM_NAME_mk18_infernal1,,,,0,AssaultRifle,A,29,88,92,91,76,88,30,90
awm,weapon_awm,paint1,#CSO2_ITEM_NAME_awm_paint1,,,,0,SniperRifle,C,100,100,70,26,67,50,10,30
awm,weapon_awm,camo2,#CSO2_ITEM_NAME_awm_camo2,,,,0,SniperRifle,B,100,100,70,26,67,50,10,30
awm,weapon_awm,infernal1,#CSO2_ITEM_NAME_awm_infernal1,,,,0,SniperRifle,A,100,100,70,26,67,50,10,30
qsz92,weapon_qsz92,panda,#CSO2_ITEM_NAME_qsz92_panda,,,,0,Pistol,A,34,93,70,83,85,75,20,100
qbs09,weapon_qbs09,panda,#CSO2_ITEM_NAME_qbs09_panda,,,,0,Shotgun,A,52,100,48,76,81,45,5,32
csls06,weapon_csls06,panda,#CSO2_ITEM_NAME_csls06_panda,,,,0,Submachinegun,A,17,65,91,92,85,89,50,100
akm,weapon_akm,panda,#CSO2_ITEM_NAME_akm_panda,,,,0,AssaultRifle,A,31,83,79,91,72,55,30,90
mk18,weapon_mk18,panda,#CSO2_ITEM_NAME_mk18_panda,,,,0,AssaultRifle,A,29,88,92,91,76,88,30,90
awm,weapon_awm,chngold1,#CSO2_ITEM_NAME_awm_chngold1,,,,0,SniperRifle,S,100,100,70,26,67,50,10,30
ar57,weapon_ar57,amethyst1,#CSO2_ITEM_NAME_ar57_amethyst1,,,,0,Submachinegun,S,18,70,93,92,83,91,50,100
elites,weapon_elite,amethyst1,#CSO2_ITEM_NAME_elites_amethyst1,,,,0,Pistol,S,28,68,70,87,85,60,30,120
awm,weapon_awm,amethyst1,#CSO2_ITEM_NAME_awm_amethyst1,,,,0,SniperRifle,S,100,100,70,26,67,50,10,30
k2c,weapon_k2c,amethyst1,#CSO2_ITEM_NAME_k2c_amethyst1,,,,0,AssaultRifle,S,28,91,88,89,80,68,30,90
akm,weapon_akm,nebula1,#CSO2_ITEM_NAME_akm_nebula,,,,0,AssaultRifle,S,31,83,79,91,72,55,30,90
mk18,weapon_mk18,nebula1,#CSO2_ITEM_NAME_mk18_nebula,,,,0,AssaultRifle,S,29,88,92,91,76,88,30,90
awm,weapon_awm,nebula1,#CSO2_ITEM_NAME_awm_nebula,,,,0,SniperRifle,S,100,100,70,26,67,50,10,30
f2000,weapon_f2000,chrome1,#CSO2_ITEM_NAME_F2000_chrome1,,,,0,AssaultRifle,S,29,87,90,91,74,88,30,90
mx4,weapon_mx4,chrome1,#CSO2_ITEM_NAME_mx4_chrome1,,,,0,Submachinegun,S,24,79,94,92,85,82,30,120
akm,weapon_akm,chrome1,#CSO2_ITEM_NAME_akm_chrome1,,,,0,AssaultRifle,S,31,83,79,91,72,55,30,90
g3sg1,weapon_g3sg1,chrome1,#CSO2_ITEM_NAME_g3sg1_chrome1,,,,0,SniperRifle,S,70,55,72,83,67,55,20,90
pkm,weapon_pkm,chrome1,#CSO2_ITEM_NAME_pkm_chrome1,,,,0,Machinegun,S,33,81,70,87,68,80,120,200
netlauncher,weapon_netlauncher,gold,#CSO2_ITEM_NAME_netlauncher_gold,,,,0,Shotgun,S,0,100,100,30,81,100,1,10
m79,weapon_m79,hunter1,#CSO2_ITEM_NAME_m79_hunter1,,,,0,Machinegun,A,100,100,90,32,81,100,1,32
m32,weapon_m32,hunter1,#CSO2_ITEM_NAME_m32_hunter1,,,,0,Machinegun,A,100,100,90,40,81,100,6,32
paw20,weapon_paw20,hunter1,#CSO2_ITEM_NAME_paw20_hunter1,,,,0,Machinegun,A,100,100,90,50,81,100,6,60
chinalake,weapon_chinalake,hunter1,#CSO2_ITEM_NAME_chinalake_hunter1,,,,0,Machinegun,A,100,100,90,44,81,100,3,32
ar57,weapon_ar57,magpie1,#CSO2_ITEM_NAME_ar57_magpie1,,,,0,Submachinegun,A,18,70,93,92,83,91,50,100
mp5,weapon_mp5navy,cobalt1,#CSO2_ITEM_NAME_mp5_cobalt1,,,,0,Submachinegun,S,23,79,92,92,85,80,30,120
m60,weapon_m60,cobalt1,#CSO2_ITEM_NAME_m60_cobalt1,,,,0,Machinegun,S,32,79,79,89,70,80,100,200
mk18,weapon_mk18,cobalt1,#CSO2_ITEM_NAME_mk18_cobalt1,,,,0,AssaultRifle,S,29,88,92,91,76,88,30,90
sg550,weapon_sg550,cobalt1,#CSO2_ITEM_NAME_sg550_cobalt1,,,,0,SniperRifle,S,61,62,76,83,67,50,30,90
m870,weapon_m870,cobalt1,#CSO2_ITEM_NAME_m870_cobalt1,,,,0,Shotgun,S,80,100,40,62,76,40,8,32
akm,weapon_akm,special2,#CSO2_ITEM_NAME_akm_special2,,,,0,AssaultRifle,A,31,83,79,91,72,55,30,90
awmgauss,weapon_awmgauss,black,#CSO2_ITEM_NAME_awmgauss_black,,,,0,SniperRifle,SS,100,100,70,26,67,50,10,30
glock18,weapon_glock,gauss,#CSO2_ITEM_NAME_Glock18_gauss,,,,0,Pistol,S,22,67,100,86,85,70,20,120
usp45,weapon_usp,gauss,#CSO2_ITEM_NAME_USP_gauss,,,,0,Pistol,S,30,72,70,85,85,80,12,100
deserteagle,weapon_deagle,gauss,#CSO2_ITEM_NAME_DesertEagle_gauss,,,,0,Pistol,S,47,45,70,81,85,40,7,35
m99,weapon_m99,silver1,#CSO2_ITEM_NAME_m99_silver1,,,,0,SniperRifle,S,100,80,42,22,69,54,1,50
galil,weapon_galil,silver1,#CSO2_ITEM_NAME_Galil_silver1,,,,0,AssaultRifle,S,26,77,82,91,70,69,35,90
famas,weapon_famas,silver1,#CSO2_ITEM_NAME_Famas_silver1,,,,0,AssaultRifle,S,26,90,82,88,73,90,25,90
mac10,weapon_mac10,silver1,#CSO2_ITEM_NAME_MAC10_silver1,,,,0,Submachinegun,S,25,72,81,92,85,85,30,100
tmp,weapon_tmp,silver1,#CSO2_ITEM_NAME_Tmp_silver1,,,,0,Submachinegun,S,17,73,83,92,85,90,30,120
t86,weapon_t86,taiwan,#CSO2_ITEM_NAME_t86_taiwan,,,,0,AssaultRifle,A,26,89,82,90,70,88,30,90
k5,weapon_k5,opal1,#CSO2_ITEM_NAME_k5_opal1,,,,0,Pistol,S,34,93,70,83,85,75,13,120
k1,weapon_k1,opal1,#CSO2_ITEM_NAME_k1_opal1,,,,0,Submachinegun,S,29,70,85,90,85,70,20,90
k2c,weapon_k2c,opal1,#CSO2_ITEM_NAME_k2c_opal1,,,,0,AssaultRifle,S,28,91,88,89,80,68,30,90
k12,weapon_k12,opal1,#CSO2_ITEM_NAME_k12_opal1,,,,0,Machinegun,S,31,79,79,89,70,80,100,200
usas12,weapon_usas12,opal1,#CSO2_ITEM_NAME_usas12_opal1,,,,0,Shotgun,S,51,100,48,72,81,45,10,40
af2011a1,weapon_af2011a1,ruby1,#CSO2_ITEM_NAME_af2011a1_ruby1,,,,0,Pistol,S,60,90,67,75,85,70,14,120
gilboasnake,weapon_gilboasnake,ruby1,#CSO2_ITEM_NAME_gilboasnake_ruby1,,,,0,AssaultRifle,S,29,85,85,91,70,76,60,90
dp12,weapon_dp12,ruby1,#CSO2_ITEM_NAME_dp12_ruby1,,,,0,Shotgun,S,78,100,40,54,76,40,14,32
dbarrel,weapon_dbarrel,ruby1,#CSO2_ITEM_NAME_dbarrel_ruby1,,,,0,Shotgun,S,86,100,33,17,80,37,2,36
m16a2,weapon_m16a2,gamania01,#CSO2_ITEM_NAME_m16a2_gamania01,,,,0,AssaultRifle,S,30,85,88,91,70,88,30,90
awm,weapon_awm,gold1,#CSO2_ITEM_NAME_awm_gold1,,,,0,SniperRifle,S,100,100,70,26,67,50,10,30
mk18,weapon_mk18,gold1,#CSO2_ITEM_NAME_mk18_gold1,,,,0,AssaultRifle,S,29,88,92,91,76,88,30,90
akm,weapon_akm,gold1,#CSO2_ITEM_NAME_akm_gold1,,,,0,AssaultRifle,S,31,83,79,91,72,55,30,90
usp45,weapon_usp,gold1,#CSO2_ITEM_NAME_usp_gold1,,,,0,Pistol,S,30,72,70,85,85,80,12,100
glock18,weapon_glock,gold1,#CSO2_ITEM_NAME_GLOCK18_gold1,,,,0,Pistol,S,22,67,100,86,85,70,20,120
elites,weapon_elite,gold1,#CSO2_ITEM_NAME_elites_gold1,,,,0,Pistol,S,28,68,70,87,85,60,30,120
mg3,weapon_mg3,xmas,#CSO2_ITEM_NAME_mg3_xmas,,,,0,Machinegun,S,30,60,74,95,68,72,150,200
usas12,weapon_usas12,xmas,#CSO2_ITEM_NAME_usas12_xmas,,,,0,Shotgun,S,51,100,48,72,81,45,10,40
m99,weapon_m99,xmas,#CSO2_ITEM_NAME_m99_xmas,,,,0,SniperRifle,S,100,80,42,22,69,54,1,50
paw20,weapon_paw20,xmas,#CSO2_ITEM_NAME_paw20_xmas,,,,0,Machinegun,S,100,100,90,50,81,100,6,60
m3dragon,weapon_m3dragon,black,#CSO2_ITEM_NAME_m3dragon_black,,,,0,Shotgun,SS,78,100,40,54,76,40,8,32
m16a2,weapon_m16a2,honor,#CSO2_ITEM_NAME_m16a2_honor,,,,0,AssaultRifle,S,30,85,88,91,70,88,30,90
usp45,weapon_usp,honor,#CSO2_ITEM_NAME_usp_honor,,,,0,Pistol,S,22,67,100,86,85,70,20,120
glock18,weapon_glock,honor,#CSO2_ITEM_NAME_GLOCK18_honor,,,,0,Pistol,S,30,72,70,85,85,80,12,100
ar57,weapon_ar57,neon1,#CSO2_ITEM_NAME_ar57_neon1,,,,0,Submachinegun,S,18,70,93,92,83,91,50,100
mp5,weapon_mp5navy,panda,#CSO2_ITEM_NAME_mp5_panda,,,,0,Submachinegun,A,23,79,92,92,85,80,30,120
usas12,weapon_usas12,amethyst1,#CSO2_ITEM_NAME_usas12_amethyst1,,,,0,Shotgun,S,51,100,48,72,81,45,10,40
krisssuperv,weapon_krisssuperv,amethyst1,#CSO2_ITEM_NAME_kriss_superv_amethyst1,,,,0,Submachinegun,S,28,76,92,91,85,86,25,100
deserteagle,weapon_deagle,amethyst1,#CSO2_ITEM_NAME_deserteagle_amethyst1,,,,0,Pistol,S,47,45,70,81,85,40,7,35
m60,weapon_m60,amethyst1,#CSO2_ITEM_NAME_m60_amethyst1,,,,0,Machinegun,S,32,79,79,89,70,80,100,200
qbz95,weapon_qbz95,panda,#CSO2_ITEM_NAME_qbz95_panda,,,,0,AssaultRifle,A,29,91,90,91,78,84,30,90
k12,weapon_k12,honor,#CSO2_ITEM_NAME_k12_honor,,,,0,Machinegun,S,31,79,79,89,70,80,100,200
xm1014,weapon_xm1014,honor,#CSO2_ITEM_NAME_xm1014_honor,,,,0,Shotgun,S,52,100,48,76,81,45,7,32
fiveseven,weapon_fiveseven,cobalt1,#CSO2_ITEM_NAME_fiveseven_cobalt1,,,,0,Pistol,S,22,62,70,86,85,70,20,100
tmp,weapon_tmp,cobalt1,#CSO2_ITEM_NAME_Tmp_cobalt1,,,,0,Submachinegun,S,17,73,83,92,85,90,30,120
acr,weapon_acr,cobalt1,#CSO2_ITEM_NAME_acr_cobalt1,,,,0,AssaultRifle,S,29,90,91,91,75,88,30,90
galilsniper,weapon_galilsniper,tesla,#CSO2_ITEM_NAME_galilsniper_tesla,,,,0,SniperRifle,U,68,55,72,84,67,55,20,100
awm,weapon_awm,special,#CSO2_ITEM_NAME_awm_special,,,,0,SniperRifle,S,100,100,70,26,67,50,10,30
deserteagle,weapon_deagle,bluephoenix,#CSO2_ITEM_NAME_deserteagle_bluephoenix,,,,0,Pistol,A,47,45,70,81,85,40,7,35
f2000,weapon_f2000,neon1,#CSO2_ITEM_NAME_F2000_neon1,,,,0,AssaultRifle,S,29,87,90,91,74,88,30,90
qjy88,weapon_qjy88,panda,#CSO2_ITEM_NAME_qjy88_panda,,,,0,Machinegun,A,28,80,81,89,70,81,100,200
striker12,weapon_striker12,newpanda1,#CSO2_ITEM_NAME_striker12_newpanda1,,,,0,Shotgun,S,52,100,48,68,81,45,12,36
g3ka4,weapon_g3ka4,pink1,#CSO2_ITEM_NAME_g3ka4_pink1,,,,0,AssaultRifle,S,31,78,81,92,73,55,20,100
g36k,weapon_g36k,pink1,#CSO2_ITEM_NAME_g36k_pink1,,,,0,AssaultRifle,S,29,84,83,91,75,81,30,90
xm8carbine,weapon_xm8carbine,pink1,#CSO2_ITEM_NAME_xm8carbine_pink1,,,,0,AssaultRifle,S,29,84,83,91,75,81,30,90
hk416c,weapon_hk416c,pink1,#CSO2_ITEM_NAME_hk416c_pink1,,,,0,Submachinegun,S,29,72,85,90,85,70,30,90
m27iar,weapon_m27iar,pink1,#CSO2_ITEM_NAME_m27iar_pink1,,,,0,Machinegun,S,31,77,80,93,71,76,40,200
krisssuperv,weapon_krisssuperv,honor,#CSO2_ITEM_NAME_kriss_superv_honor,,,,0,Submachinegun,S,28,76,92,91,85,86,25,100
awm,weapon_awm,honor,#CSO2_ITEM_NAME_awm_honor,,,,0,SniperRifle,S,100,100,70,26,67,50,10,30
m60,weapon_m60,newpanda1,#CSO2_ITEM_NAME_m60_newpanda1,,,,0,Machinegun,S,32,79,79,89,70,80,100,200
awm,weapon_awm,lion,#CSO2_ITEM_NAME_awm_lion,,,,0,SniperRifle,A,100,100,70,26,67,50,10,30
mk18,weapon_mk18,falcon,#CSO2_ITEM_NAME_mk18_falcon,,,,0,AssaultRifle,A,29,88,92,91,76,88,30,90
akm,weapon_akm,bear,#CSO2_ITEM_NAME_akm_bear,,,,0,AssaultRifle,A,31,83,79,91,72,55,30,90
tmpmelt,weapon_tmpmelt,prototype,#CSO2_ITEM_NAME_tmpmelt_prototype,,,,0,Submachinegun,SS,17,73,83,92,85,90,30,120
p90,weapon_p90,newpanda1,#CSO2_ITEM_NAME_p90_newpanda1,,,,0,Submachinegun,S,18,68,91,92,83,89,50,100
mp7,weapon_mp7,neon1,#CSO2_ITEM_NAME_MP7_neon1,,,,0,Submachinegun,S,25,74,90,92,85,80,40,120
aek971,weapon_aek971,gold1,#CSO2_ITEM_NAME_aek971_gold1,,,,0,AssaultRifle,S,30,85,81,91,72,57,30,90
ak12,weapon_ak12,gold1,#CSO2_ITEM_NAME_ak12_gold1,,,,0,AssaultRifle,S,30,86,83,91,73,60,30,90
scarl,weapon_scarl,gold1,#CSO2_ITEM_NAME_scarl_gold1,,,,0,AssaultRifle,S,29,89,90,91,76,87,30,90
acr,weapon_acr,gold1,#CSO2_ITEM_NAME_acr_gold1,,,,0,AssaultRifle,S,29,90,91,91,75,88,30,90
t65,weapon_t65,marble1,#CSO2_ITEM_NAME_t65_marble1,,,,0,AssaultRifle,S,29,83,88,91,70,78,30,90
t86,weapon_t86,marble1,#CSO2_ITEM_NAME_t86_marble1,,,,0,AssaultRifle,S,26,89,82,90,70,88,30,90
t91,weapon_t91,marble1,#CSO2_ITEM_NAME_t91_marble1,,,,0,AssaultRifle,S,29,84,88,91,70,78,30,90
xt97,weapon_xt97,marble1,#CSO2_ITEM_NAME_xt97_marble1,,,,0,AssaultRifle,S,29,90,88,90,80,67,30,90
akm,weapon_akm,newpanda1,#CSO2_ITEM_NAME_akm_newpanda1,,,,0,AssaultRifle,S,31,83,79,91,72,55,30,90
mg3,weapon_mg3,neon1,#CSO2_ITEM_NAME_mg3_neon1,,,,0,Machinegun,S,30,60,74,95,68,72,150,200
aek971,weapon_aek971,blackmamba1,#CSO2_ITEM_NAME_aek971_blackmamba1,,,,0,AssaultRifle,S,30,85,81,91,72,57,30,90
ak12,weapon_ak12,blackmamba1,#CSO2_ITEM_NAME_ak12_blackmamba1,,,,0,AssaultRifle,S,30,86,83,91,73,60,30,90
scarl,weapon_scarl,blackmamba1,#CSO2_ITEM_NAME_scarl_blackmamba1,,,,0,AssaultRifle,S,29,89,90,91,76,87,30,90
acr,weapon_acr,blackmamba1,#CSO2_ITEM_NAME_acr_blackmamba1,,,,0,AssaultRifle,S,29,90,91,91,75,88,30,90
mk23,weapon_mk23,blackmamba1,#CSO2_ITEM_NAME_mk23_blackmamba1,,,,0,Pistol,S,30,78,70,90,85,80,12,100
m99railgun,weapon_m99railgun,proto,#CSO2_ITEM_NAME_m99railgun_proto,,,,0,SniperRifle,SS,100,80,42,22,69,54,1,80
m99railgun,weapon_m99railgun,black,#CSO2_ITEM_NAME_m99railgun_black,,,,0,SniperRifle,SS,100,80,42,22,69,54,1,80
mk18,weapon_mk18,newpanda1,#CSO2_ITEM_NAME_mk18_newpanda1,,,,0,AssaultRifle,S,29,88,92,91,76,88,30,90
scarh,weapon_scarh,lion1,#CSO2_ITEM_NAME_scarh_lion1,,,,0,AssaultRifle,A,31,85,82,91,76,76,20,100
t91,weapon_t91,taiwan,#CSO2_ITEM_NAME_t91_taiwan,,,,0,AssaultRifle,A,29,84,88,91,70,78,30,90
awm,weapon_awm,newpanda1,#CSO2_ITEM_NAME_awm_newpanda1,,,,0,SniperRifle,S,100,100,70,26,67,50,10,30
ump45,weapon_ump45,ruby1,#CSO2_ITEM_NAME_UMP45_ruby1,,,,0,Submachinegun,S,26,75,91,90,85,84,25,100
krisssuperv,weapon_krisssuperv,ruby1,#CSO2_ITEM_NAME_kriss_superv_ruby1,,,,0,Submachinegun,S,28,76,92,91,85,86,25,100
mp7,weapon_mp7,ruby1,#CSO2_ITEM_NAME_MP7_ruby1,,,,0,Submachinegun,S,25,74,90,92,85,80,40,120
striker12,weapon_striker12,honor,#CSO2_ITEM_NAME_striker12_honor,,,,0,Shotgun,S,52,100,48,68,81,45,12,36
fnc,weapon_fnc,honor,#CSO2_ITEM_NAME_FNC_honor,,,,0,AssaultRifle,S,29,85,88,91,70,79,30,90
m60,weapon_m60,bfg,#CSO2_ITEM_NAME_m60_bfg1,,,,0,Machinegun,S,100,100,100,100,100,100,999,100
m3grease,weapon_m3grease,opal1,#CSO2_ITEM_NAME_m3grease_opal1,,,,0,Submachinegun,S,25,72,81,92,85,85,30,100
thompson,weapon_thompson,opal1,#CSO2_ITEM_NAME_thompson_opal1,,,,0,Submachinegun,S,26,75,91,90,85,84,30,100
bar,weapon_bar,opal1,#CSO2_ITEM_NAME_bar_opal1,,,,0,Machinegun,S,31,76,77,91,70,50,20,200
scarh,weapon_scarh,athena,#CSO2_ITEM_NAME_scarH_athena,,,,0,AssaultRifle,S,31,85,82,91,76,76,20,100
deserteagle,weapon_deagle,athena,#CSO2_ITEM_NAME_deserteagle_athena,,,,0,Pistol,S,47,45,70,81,85,40,7,35
mp7,weapon_mp7,miu,#CSO2_ITEM_NAME_MP7_miu,,,,0,Submachinegun,S,25,74,90,92,85,80,40,120
p228,weapon_p228,miu,#CSO2_ITEM_NAME_p228_miu,,,,0,Pistol,S,33,90,70,84,85,75,13,52
akm,weapon_akm,gamania01,#CSO2_ITEM_NAME_akm_gamania01,,,,0,AssaultRifle,S,31,83,79,91,72,55,30,90
elites,weapon_elite,neon1,#CSO2_ITEM_NAME_Elites_neon1,,,,0,Pistol,S,28,68,70,87,85,60,30,120
m60steam,weapon_m60steam,prototype,#CSO2_ITEM_NAME_m60steam_prototype,,,,0,Machinegun,SS,32,79,79,89,70,80,100,200
lr300,weapon_lr300,eagle,#CSO2_ITEM_NAME_lr300_eagle,,,,0,AssaultRifle,A,29,90,90,91,78,84,30,90
m27iar,weapon_m27iar,xmas,#CSO2_ITEM_NAME_m27iar_xmas,,,,0,Machinegun,S,31,79,80,93,71,76,40,200
ar57,weapon_ar57,xmas,#CSO2_ITEM_NAME_ar57_xmas,,,,0,Submachinegun,S,18,70,93,92,83,91,50,100
gilboasnake,weapon_gilboasnake,xmas,#CSO2_ITEM_NAME_GILBOASNAKE_xmas,,,,0,AssaultRifle,S,29,85,85,91,70,76,60,90
galilsniper,weapon_galilsniper,xmas,#CSO2_ITEM_NAME_galilsniper_xmas,,,,0,SniperRifle,S,68,55,72,84,67,55,20,100
mk18pulse,weapon_mk18pulse,proto,#CSO2_ITEM_NAME_mk18pulse_proto,,,,0,AssaultRifle,SS,29,88,92,91,76,88,30,90
ak47,weapon_ak47,twcbt1,#CSO2_ITEM_NAME_ak47_twcbt1,,,,0,AssaultRifle,S,31,83,79,91,72,55,30,90
m4a1,weapon_m4a1,twcbt1,#CSO2_ITEM_NAME_m4a1_twcbt1,,,,0,AssaultRifle,S,29,88,92,91,76,88,30,90
awmgauss,weapon_awmgauss,asiimov,#CSO2_ITEM_NAME_awmgauss_asiimov,,,,0,SniperRifle,SS,100,100,70,26,67,50,10,30
triplebarrel,weapon_triplebarrel,ruby1,#CSO2_ITEM_NAME_triplebarrel_ruby1,,,,0,Shotgun,S,92,100,30,17,78,34,3,36
awm,weapon_awm,hatsunemiku,#CSO2_ITEM_NAME_awm_hatsunemiku,,,,0,SniperRifle,S,100,100,70,26,67,50,10,30
elites,weapon_elite,hatsunemiku,#CSO2_ITEM_NAME_elites_hatsunemiku,,,,0,Pistol,S,28,68,70,87,85,60,30,120
m870,weapon_m870,hatsunemiku,#CSO2_ITEM_NAME_m870_hatsunemiku,,,,0,Shotgun,S,80,100,40,62,76,40,8,32
m3dragon,weapon_m3dragon,blue,#CSO2_ITEM_NAME_m3dragon_blue,,,,0,Shotgun,SS,78,100,40,54,76,40,8,32
elites,weapon_elite,cobalt,#CSO2_ITEM_NAME_elites_cobalt,,,,0,Pistol,S,28,68,70,87,85,60,30,120
acr,weapon_acr,cobalt,#CSO2_ITEM_NAME_acr_cobalt,,,,0,AssaultRifle,S,29,90,91,91,75,88,30,90
scarl,weapon_scarl,cobalt,#CSO2_ITEM_NAME_scarl_cobalt,,,,0,AssaultRifle,S,29,89,90,91,76,87,30,90
dbarrel,weapon_dbarrel,cobalt,#CSO2_ITEM_NAME_dbarrel_cobalt,,,,0,Shotgun,S,86,100,33,17,80,37,2,36
usp45,weapon_usp,cobalt,#CSO2_ITEM_NAME_usp_cobalt,,,,0,Pistol,S,30,72,70,85,85,80,12,100
m4a1,weapon_m4a1,cobalt,#CSO2_ITEM_NAME_m4a1_cobalt,,,,0,AssaultRifle,S,29,88,92,91,76,88,30,90
ak47,weapon_ak47,black,#CSO2_ITEM_NAME_ak47_black,,,,0,AssaultRifle,S,31,83,79,91,72,55,30,90
m4a1,weapon_m4a1,black,#CSO2_ITEM_NAME_m4a1_black,,,,0,AssaultRifle,S,29,88,92,91,76,88,30,90
awm,weapon_awm,tiger,#CSO2_ITEM_NAME_awm_tiger,,,,0,SniperRifle,S,100,100,70,26,67,50,10,30
galilsniper,weapon_galilsniper,automata,#CSO2_ITEM_NAME_galilsniper_automata,,,,0,SniperRifle,S,68,55,72,84,67,55,20,100
acr,weapon_acr,flower,#CSO2_ITEM_NAME_acr_flower,,,,0,AssaultRifle,S,29,90,91,91,75,88,30,90
krisssuperv,weapon_krisssuperv,tina,#CSO2_ITEM_NAME_krisssuperv_tina,,,,0,Submachinegun,S,28,76,92,91,85,86,25,100
ump45,weapon_ump45,wolf,#CSO2_ITEM_NAME_UMP45_WOLF,,,,0,Submachinegun,S,26,75,91,90,85,84,25,100
fiveseven,weapon_fiveseven,daimyo,#CSO2_ITEM_NAME_FiveSeven_daimyo,,,,0,Pistol,S,22,62,70,86,85,70,20,100
glock18,weapon_glock,weasel,#CSO2_ITEM_NAME_Glock18_weasel,,,,0,Pistol,S,22,67,100,86,85,70,20,120
fal,weapon_fal,graffiti,#CSO2_ITEM_NAME_fal_graffiti,,,,0,AssaultRifle,S,31,76,77,91,70,50,20,100
qsz92,weapon_qsz92,pandablood,#CSO2_ITEM_NAME_qsz92_panda_blood,,,,0,Pistol,S,34,93,70,83,85,75,20,100
m1911,weapon_m1911,hunter,#CSO2_ITEM_NAME_m1911_hunter,,,,0,Pistol,S,35,72,69,82,85,80,7,100
anaconda,weapon_anaconda,black,#CSO2_ITEM_NAME_anaconda_black,,,,0,Pistol,S,42,44,71,86,85,45,6,36
dr200,weapon_dr200,graffiti,#CSO2_ITEM_NAME_dr200_graffiti,,,,0,AssaultRifle,S,28,80,86,91,70,72,30,90
thunder,weapon_thunder,bird,#CSO2_ITEM_NAME_thunder_bird,,,,0,Pistol,S,100,70,38,19,69,50,1,50
m107A1,weapon_m107a1,hell,#CSO2_ITEM_NAME_m107a1_hell,,,,0,SniperRifle,S,100,80,42,40,69,54,10,50
mk18,weapon_mk18,dragon,#CSO2_ITEM_NAME_mk18_dragon,,,,0,AssaultRifle,S,29,88,92,91,76,88,30,90
awmgauss,weapon_awmgauss,bird,#CSO2_ITEM_NAME_awmgauss_bird,,,,0,SniperRifle,SS,100,100,70,26,67,50,10,30
m14ebr,weapon_m14ebr,black,#CSO2_ITEM_NAME_m14ebr_black,,,,0,AssaultRifle,S,40,83,79,79,70,80,20,100
k12,weapon_k12,phoenix,#CSO2_ITEM_NAME_k12_phoenix,,,,0,Machinegun,SS,31,79,79,89,70,80,100,200
elites,weapon_elite,red,#CSO2_ITEM_NAME_elites_red,,,,0,Pistol,S,28,68,70,87,85,60,30,120
t91,weapon_t91,demon,#CSO2_ITEM_NAME_t91_demon,,,,0,AssaultRifle,S,29,84,88,91,70,78,30,90
awm,weapon_awm,sakuya,#CSO2_ITEM_NAME_awm_sakuya,,,,0,SniperRifle,S,100,100,70,26,67,50,10,30
m107A1,weapon_m107a1,cat_dog,#CSO2_ITEM_NAME_m107a1_cat_dog,,,,0,SniperRifle,S,100,80,42,40,69,54,10,50
m870,weapon_m870,sakura,#CSO2_ITEM_NAME_m870_sakura,,,,0,Shotgun,SS,80,100,40,62,76,40,8,32
m4a1,weapon_m4a1,star,#CSO2_ITEM_NAME_m4a1_star,,,,0,AssaultRifle,SS,29,88,92,91,76,88,30,90
elites,weapon_elite,star,#CSO2_ITEM_NAME_elites_star,,,,0,Pistol,S,28,68,70,87,85,60,30,120
g3sg1,weapon_g3sg1,nebula,#CSO2_ITEM_NAME_g3sg1_nebula,,,,0,SniperRifle,S,70,55,72,83,67,55,20,90
glock18,weapon_glock,star,#CSO2_ITEM_NAME_glock18_star,,,,0,Pistol,SS,22,67,100,93,85,70,20,120
trg42,weapon_trg42,nebula,#CSO2_ITEM_NAME_trg42_nebula,,,,0,SniperRifle,S,100,100,70,24,70,50,10,30
m95,weapon_m95,star1,#CSO2_ITEM_NAME_m95_star1,,,,0,SniperRifle,S,100,80,42,25,69,54,5,50
galilsniper,weapon_galilsniper,pikachu,#CSO2_ITEM_NAME_galilsniper_pikachu,,,,0,SniperRifle,S,68,55,72,84,67,55,20,100
triplebarrel,weapon_triplebarrel,thunder1,#CSO2_ITEM_NAME_triplebarrel_thunder1,,,,0,Shotgun,S,92,100,30,17,78,34,3,36
m107A1,weapon_m107a1,ice,#CSO2_ITEM_NAME_m107a1_ice,,,,0,SniperRifle,S,100,80,42,40,69,54,10,50
gilboasnake,weapon_gilboasnake,ice,#CSO2_ITEM_NAME_gilboasnake_ice,,,,0,AssaultRifle,SSP,29,85,85,91,70,76,60,90
ar57,weapon_ar57,nebula,#CSO2_ITEM_NAME_ar57_nebula,,,,0,Submachinegun,S,18,70,93,92,83,91,50,100
awp,weapon_awp,dragon,#CSO2_ITEM_NAME_awp_dragon,,,,0,SniperRifle,S,100,100,70,26,67,50,10,30
m3dragon,weapon_m3dragon,white,#CSO2_ITEM_NAME_m3dragon_white,,,,0,Shotgun,SS,78,100,40,54,76,40,8,32
mk23,weapon_mk23,dva,#CSO2_ITEM_NAME_mk23_dva,,,,0,Pistol,S,30,78,70,90,85,80,12,100
mk23,weapon_mk23,star,#CSO2_ITEM_NAME_mk23_star,,,,0,Pistol,SS,26,78,70,92,85,80,30,100
default_knife,weapon_knife,m9bayonet_lava,#CSO2_ITEM_NAME_m9bayonet_lava,,,,0,,SS,0,0,0,0,0,0,0,0
m870,weapon_m870,flower,#CSO2_ITEM_NAME_m870_flower,,,,0,Shotgun,SS,80,100,40,62,76,40,8,32
t65,weapon_t65,star,#CSO2_ITEM_NAME_t65_star,,,,0,AssaultRifle,S,29,83,88,91,70,78,30,90
trg42,weapon_trg42,galaxy,#CSO2_ITEM_NAME_trg42_galaxy,,,,0,SniperRifle,S,100,100,70,24,70,50,10,30
awm,weapon_awm,star,#CSO2_ITEM_NAME_awm_star,,,,0,SniperRifle,S,100,100,70,26,67,50,10,30
awm,weapon_awm,gungnir,#CSO2_ITEM_NAME_awm_gungnir,,,,0,SniperRifle,SSP,100,100,70,26,67,50,10,30
mk23,weapon_mk23,day,#CSO2_ITEM_NAME_mk23_day,,,,0,Pistol,SS,30,78,70,90,85,80,12,100
m4a1,weapon_m4a1,day,#CSO2_ITEM_NAME_m4a1_day,,,,0,AssaultRifle,S,29,88,92,91,76,88,30,90
hegrenade,weapon_hegrenade,ahri,#CSO2_ITEM_NAME_heartgrenade_ahri,,,,0,,S,80,0,0,0,0,0,0,0
hk416c,weapon_hk416c,asiimov,#CSO2_ITEM_NAME_hk416c_asiimov,,,,0,Submachinegun,S,29,73,84,91,85,72,30,90
ak12,weapon_ak12,dragon,#CSO2_ITEM_NAME_ak12_dragon,,,,0,AssaultRifle,SS,30,86,83,91,73,60,30,90
p90,weapon_p90,rabbit,#CSO2_ITEM_NAME_P90_rabbit,,,,0,Submachinegun,S,18,68,91,92,83,89,50,100
awm,weapon_awm,neonoir,#CSO2_ITEM_NAME_awm_neonoir,,,,0,SniperRifle,SSP,100,100,70,26,67,50,10,30
crowbar,weapon_crowbar,xmas,#CSO2_ITEM_NAME_Crowbar_xmas,,,,0,,S,0,0,0,0,0,0,0,0
sg550,weapon_sg550,grotto,#CSO2_ITEM_NAME_sg550_grotto,,,,0,SniperRifle,S,61,62,76,83,67,50,30,90
default_knife,weapon_knife,m9bayonet_fire,#CSO2_ITEM_NAME_m9bayonet_fire,,,,0,,S,0,0,0,0,0,0,0,0
default_knife,weapon_knife,case_hardened,#CSO2_ITEM_NAME_case_hardened,,,,0,,S,0,0,0,0,0,0,0,0
m16a2,weapon_m16a2,mirror,#CSO2_ITEM_NAME_m16a2_mirror,,,,0,AssaultRifle,SS,30,85,88,91,70,88,30,90
gilboasnake,weapon_gilboasnake,howl,#CSO2_ITEM_NAME_gilboasnake_howl,,,,0,AssaultRifle,SSP,29,85,85,91,70,76,60,90
gilboasnake,weapon_gilboasnake,urban,#CSO2_ITEM_NAME_gilboasnake_urban,,,,0,AssaultRifle,SSP,29,85,85,91,70,76,60,90
gilboasnake,weapon_gilboasnake,grotto,#CSO2_ITEM_NAME_gilboasnake_grotto,,,,0,AssaultRifle,SSP,29,85,85,91,70,76,60,90
m3dragon,weapon_m3dragon,lv,#CSO2_ITEM_NAME_m3dragon_lv,,,,0,Shotgun,SS,78,100,40,54,76,40,8,32
ak47,weapon_ak47,megatron,#CSO2_ITEM_NAME_ak47_megatron,,,,0,AssaultRifle,SS,31,83,79,91,72,55,30,90
tomahawkss,weapon_tomahawkss,axeknife_sa2_xxxx,#CSO2_ITEM_NAME_AXEKNIFE_SA2_xxxx,,,,0,,L,0,0,0,0,0,0,0,0
tomahawkss,weapon_tomahawkss,axeknife_blood,#CSO2_ITEM_NAME_axeknife_blood,,,,0,,SS,0,0,0,0,0,0,0,0
ar57,weapon_ar57,fade,#CSO2_ITEM_NAME_ar57_fade,,,,0,Submachinegun,SS,18,70,93,92,83,91,50,100
m3,weapon_m3,m1887,#CSO2_ITEM_NAME_m3_m1887,,,,0,Shotgun,L,68,97,37,70,90,37,8,32
m3,weapon_m3,m1887_v6,#CSO2_ITEM_NAME_m3_m1887_v6,,,,0,Shotgun,A,68,97,37,70,90,37,8,32
m3,weapon_m3,m1887_v8,#CSO2_ITEM_NAME_m3_m1887_v8,,,,0,Shotgun,S,68,97,37,70,90,37,8,32
m3,weapon_m3,m1887_gold,#CSO2_ITEM_NAME_m3_m1887_gold,,,,0,Shotgun,S,71,97,37,68,90,37,8,32
m3,weapon_m3,m1887_maverick,#CSO2_ITEM_NAME_m3_m1887_maverick,,,,0,Shotgun,S,68,97,37,70,90,37,8,32
aek971,weapon_aek971,cf_akbeast,#CSO2_ITEM_NAME_aek971_cf_akbeast,,,,0,AssaultRifle,SS,30,85,81,91,72,57,30,90
ak47,weapon_ak47,csgo_ak47,#CSO2_ITEM_NAME_ak47_csgo_ak47,,,,0,AssaultRifle,L,31,83,79,91,72,55,30,90
deserteagle,weapon_deagle,cf_degod,#CSO2_ITEM_NAME_deserteagle_cf_degod,,,,0,Pistol,SS,47,45,70,81,85,40,7,35
ak47,weapon_ak47,csgo_ak47_vulcan,#CSO2_ITEM_NAME_ak47_csgo_ak47_vulcan,,,,0,AssaultRifle,S,31,83,79,91,72,55,30,90
ak47,weapon_ak47,csgo_ak47_fire,#CSO2_ITEM_NAME_ak47_csgo_ak47_fire,,,,0,AssaultRifle,S,31,83,79,91,72,55,30,90
aek971,weapon_aek971,cf_akironbeast,#CSO2_ITEM_NAME_aek971_cf_akironbeast,,,,0,AssaultRifle,SS,30,85,81,91,72,57,30,90
elites,weapon_elite,infinityex2,#CSO2_ITEM_NAME_elites_infinityex2,,,,0,Pistol,N,28,68,70,87,85,60,40,120
default_knife,weapon_knife,karambit,#CSO2_ITEM_NAME_karambit,,,,0,,L,0,0,0,0,0,0,0,0
default_knife,weapon_knife,karambit_crimsonweb,#CSO2_ITEM_NAME_karambit_crimsonweb,,,,0,,S,0,0,0,0,0,0,0,0
default_knife,weapon_knife,talonknife,#CSO2_ITEM_NAME_talonknife,,,,0,,L,0,0,0,0,0,0,0,0
default_knife,weapon_knife,talonknife_fire,#CSO2_ITEM_NAME_talonknife_fire,,,,0,,S,0,0,0,0,0,0,0,0
ak47,weapon_ak47,csgo_ak47_asiimov,#CSO2_ITEM_NAME_ak47_csgo_ak47_asiimov,,,,0,AssaultRifle,S,31,83,79,91,72,55,30,90
ak47,weapon_ak47,csgo_ak47_empress,#CSO2_ITEM_NAME_ak47_csgo_ak47_empress,,,,0,AssaultRifle,S,31,83,79,91,72,55,30,90
m4a1,weapon_m4a1,af_tsinglung,#CSO2_ITEM_NAME_m4a1_af_tsinglung,,,,0,AssaultRifle,S,30,88,92,91,76,88,30,90
scarl,weapon_scarl,cod_dargon,#CSO2_ITEM_NAME_scarl_cod_dargon,,,,0,AssaultRifle,SS,36,89,90,91,76,87,30,90
acr,weapon_acr,cod_nuke,#CSO2_ITEM_NAME_acr_cod_nuke,,,,0,AssaultRifle,SS,36,90,91,91,75,88,30,90
ak12,weapon_ak12,cf_ak12,#CSO2_ITEM_NAME_ak12_cf_ak12,,,,0,AssaultRifle,SS,30,86,83,91,73,60,30,90
csls06,weapon_csls06,csgo_ppbizon,#CSO2_ITEM_NAME_csls06_csgo_ppbizon,,,,0,Submachinegun,L,15,65,91,92,85,89,64,100
g36k,weapon_g36k,light,#CSO2_ITEM_NAME_g36k_light,,,,0,AssaultRifle,S,29,84,83,91,75,81,30,90
50beowulf,weapon_beowulf,ghost,#CSO2_ITEM_NAME_beowulf_ghost,,,,0,AssaultRifle,SS,62,80,76,72,76,73,10,60
csls06,weapon_csls06,csgo_ppbizon_roller,#CSO2_ITEM_NAME_csls06_csgo_ppbizon_roller,,,,0,Submachinegun,S,15,65,91,92,85,89,64,100
csls06,weapon_csls06,csgo_ppbizon_anubis,#CSO2_ITEM_NAME_csls06_csgo_ppbizon_anubis,,,,0,Submachinegun,S,15,65,91,92,85,89,64,100
trg42,weapon_trg42,trg42g,#CSO2_ITEM_NAME_trg42_trg42g,,,,0,SniperRifle,L,100,100,70,24,70,50,10,30
m3,weapon_m3,hide,#CSO2_ITEM_NAME_m3_hide,,,,0,Shotgun,S,78,100,40,54,90,40,8,32
qbz95,weapon_qbz95,af_xuanwu,#CSO2_ITEM_NAME_qbz95_af_xuanwu,,,,0,AssaultRifle,SS,36,91,90,91,78,84,30,90
hk416c,weapon_hk416c,anna,#CSO2_ITEM_NAME_hk416c_anna,,,,0,Submachinegun,SS,29,73,84,91,85,72,30,90
awp,weapon_awp,csgo_awp,#CSO2_ITEM_NAME_awp_csgo_awp,,,,0,SniperRifle,L,100,100,70,26,67,50,10,30
awp,weapon_awp,gungnir,#CSO2_ITEM_NAME_awp_gungnir,,,,0,SniperRifle,S,100,100,70,26,67,50,10,30
awp,weapon_awp,neonoir,#CSO2_ITEM_NAME_awp_neonoir,,,,0,SniperRifle,S,100,100,70,26,67,50,10,30
awp,weapon_awp,prince,#CSO2_ITEM_NAME_awp_prince,,,,0,SniperRifle,S,100,100,70,26,67,50,10,30
awp,weapon_awp,asimov,#CSO2_ITEM_NAME_awp_asimov,,,,0,SniperRifle,S,100,100,70,26,67,50,10,30
awp,weapon_awp,vanilla,#CSO2_ITEM_NAME_awp_vanilla,,,,0,SniperRifle,S,100,100,70,26,67,50,10,30
awp,weapon_awp,chocola,#CSO2_ITEM_NAME_awp_chocola,,,,0,SniperRifle,S,100,100,70,26,67,50,10,30
usas12,weapon_usas12,x12,#CSO2_ITEM_NAME_usas12_x12,,,,0,Shotgun,L,51,100,48,72,81,45,30,60
usas12,weapon_usas12,x12ex,#CSO2_ITEM_NAME_usas12_x12ex,,,,0,Shotgun,SS,51,100,48,72,81,45,30,60
p90,weapon_p90,csgo_p90,#CSO2_ITEM_NAME_P90_csgo_p90,,,,0,Submachinegun,L,18,68,91,92,83,89,50,100
p90,weapon_p90,cat,#CSO2_ITEM_NAME_P90_cat,,,,0,Submachinegun,S,18,68,91,92,83,89,50,100
p90,weapon_p90,chocola,#CSO2_ITEM_NAME_P90_chocola,,,,0,Submachinegun,S,18,68,91,92,83,89,50,100
p90,weapon_p90,vanilla,#CSO2_ITEM_NAME_P90_vanilla,,,,0,Submachinegun,S,18,68,91,92,83,89,50,100
ak47,weapon_ak47,csgo_ak47_saratoga,#CSO2_ITEM_NAME_ak47_csgo_ak47_saratoga,,,,0,AssaultRifle,S,31,83,79,91,72,55,30,90
m4a1,weapon_m4a1,csgo_m4a1,#CSO2_ITEM_NAME_m4a1_csgo_m4a1,,,,0,AssaultRifle,L,29,88,92,91,76,88,30,90
m4a1,weapon_m4a1,asiimov,#CSO2_ITEM_NAME_m4a1_asiimov,,,,0,AssaultRifle,S,29,88,92,91,76,88,30,90
m4a1,weapon_m4a1,chantico,#CSO2_ITEM_NAME_m4a1_chantico,,,,0,AssaultRifle,S,29,88,92,91,76,88,30,90
m4a1,weapon_m4a1,cyrex,#CSO2_ITEM_NAME_m4a1_cyrex,,,,0,AssaultRifle,S,29,88,92,91,76,88,30,90
m4a1,weapon_m4a1,mecha,#CSO2_ITEM_NAME_m4a1_mecha,,,,0,AssaultRifle,S,29,88,92,91,76,88,30,90
m4a1,weapon_m4a1,neonoir,#CSO2_ITEM_NAME_m4a1_neonoir,,,,0,AssaultRifle,S,29,88,92,91,76,88,30,90
m4a1,weapon_m4a1,cat,#CSO2_ITEM_NAME_m4a1_cat,,,,0,AssaultRifle,S,29,88,92,91,76,88,30,90
sg550,weapon_sg550,skull5,#CSO2_ITEM_NAME_sg550_skull5,,,,0,SniperRifle,N,78,83,79,79,70,80,24,100
lr300,weapon_lr300,csgo_m4a4,#CSO2_ITEM_NAME_lr300_csgo_m4a4,,,,0,AssaultRifle,L,29,90,90,91,78,84,30,90
lr300,weapon_lr300,emperor,#CSO2_ITEM_NAME_lr300_emperor,,,,0,AssaultRifle,S,29,90,90,91,78,84,30,90
lr300,weapon_lr300,howl,#CSO2_ITEM_NAME_lr300_howl,,,,0,AssaultRifle,SSP,29,90,90,91,78,84,30,90
lr300,weapon_lr300,neonoir,#CSO2_ITEM_NAME_lr300_neonoir,,,,0,AssaultRifle,S,29,90,90,91,78,84,30,90
lr300,weapon_lr300,asiimov,#CSO2_ITEM_NAME_lr300_asiimov,,,,0,AssaultRifle,S,29,90,90,91,78,84,30,90
lr300,weapon_lr300,neonrider,#CSO2_ITEM_NAME_lr300_neonrider,,,,0,AssaultRifle,S,29,90,90,91,78,84,30,90
lr300,weapon_lr300,kill,#CSO2_ITEM_NAME_lr300_kill,,,,0,AssaultRifle,S,29,90,90,91,78,84,30,90
m16a2,weapon_m16a2,ar38,#CSO2_ITEM_NAME_m16a2_ar38,,,,0,AssaultRifle,N,30,85,88,91,70,88,30,90
akm,weapon_akm,codak47,#CSO2_ITEM_NAME_akm_codak47,,,,0,AssaultRifle,SS,36,83,79,91,72,55,30,90
akm,weapon_akm,elysium,#CSO2_ITEM_NAME_akm_elysium,,,,0,AssaultRifle,SS,36,83,79,91,72,55,30,90
k1,weapon_k1,asval,#CSO2_ITEM_NAME_k1_asval,,,,0,Submachinegun,N,29,70,85,90,85,70,20,90
deserteagle,weapon_deagle,csgo_deagle,#CSO2_ITEM_NAME_DesertEagle_csgo_deagle,,,,0,Pistol,L,47,45,70,81,85,40,7,35
sg552,weapon_sg552,csgo_sg556,#CSO2_ITEM_NAME_SG552_csgo_sg556,,,,0,AssaultRifle,L,29,90,82,91,78,78,30,90
glock18,weapon_glock,gspirit,#CSO2_ITEM_NAME_glock18_gspirit,,,,0,Pistol,SS,22,67,100,93,85,70,20,120
gilboasnake,weapon_gilboasnake,sfm4a1,#CSO2_ITEM_NAME_gilboasnake_sfm4a1,,,,0,AssaultRifle,SSP,29,85,85,91,70,76,60,90
thunder,weapon_thunder,taser,#CSO2_ITEM_NAME_thunder_taser,,,,0,Pistol,N,100,70,38,19,69,50,1,10
dbarrel,weapon_dbarrel,qbarrel,#CSO2_ITEM_NAME_dbarrel_qbarrel,,,,0,Shotgun,N,100,100,33,17,80,37,4,36
sg552,weapon_sg552,integrale,#CSO2_ITEM_NAME_SG552_integrale,,,,0,AssaultRifle,S,29,90,82,91,78,78,30,90
candlexmas,weapon_candlexmas,breaker,#CSO2_ITEM_NAME_candlexmas_breaker,,,,0,,N,0,0,0,0,0,0,0,0
deserteagle,weapon_deagle,mecha,#CSO2_ITEM_NAME_DesertEagle_mecha,,,,0,Pistol,S,47,45,70,81,85,40,7,35
deserteagle,weapon_deagle,pilot,#CSO2_ITEM_NAME_DesertEagle_pilot,,,,0,Pistol,S,47,45,70,81,85,40,7,35
deserteagle,weapon_deagle,dragon,#CSO2_ITEM_NAME_DesertEagle_dragon,,,,0,Pistol,S,47,45,70,81,85,40,7,35
sg552,weapon_sg552,colony,#CSO2_ITEM_NAME_SG552_colony,,,,0,AssaultRifle,S,29,90,82,91,78,78,30,90
sg552,weapon_sg552,cyrex,#CSO2_ITEM_NAME_SG552_cyrex,,,,0,AssaultRifle,S,29,90,82,91,78,78,30,90
sg552,weapon_sg552,akihabara,#CSO2_ITEM_NAME_SG552_akihabara,,,,0,AssaultRifle,S,29,90,82,91,78,78,30,90
sg552,weapon_sg552,phantom,#CSO2_ITEM_NAME_SG552_phantom,,,,0,AssaultRifle,SS,36,90,82,91,78,78,30,90
anaconda,weapon_anaconda,trigun,#CSO2_ITEM_NAME_anaconda_trigun,,,,0,Pistol,SS,42,44,71,86,85,45,6,36
sg550,weapon_sg550,skull5_blood,#CSO2_ITEM_NAME_sg550_skull5_blood,,,,0,SniperRifle,SS,78,83,79,79,70,80,24,100
elites,weapon_elite,skull2,#CSO2_ITEM_NAME_elites_skull2,,,,0,Pistol,N,47,68,70,87,85,60,14,35
candlexmas,weapon_candlexmas,chainsaw,#CSO2_ITEM_NAME_candlexmas_chainsaw,,,,0,,N,0,0,0,0,0,0,0,0
fal,weapon_fal,hk21,#CSO2_ITEM_NAME_fal_hk21,,,,0,AssaultRifle,N,33,76,77,91,70,50,50,90
usas12,weapon_usas12,s12,#CSO2_ITEM_NAME_usas12_s12,,,,0,Shotgun,L,51,100,48,72,81,45,10,40
scarl,weapon_scarl,rocket,#CSO2_ITEM_NAME_scarl_rocket,,,,0,AssaultRifle,SSP,36,89,90,91,76,87,40,90
qjy88,weapon_qjy88,chainsaw,#CSO2_ITEM_NAME_qjy88_chainsaw,,,,0,Machinegun,L,23,80,81,89,70,81,200,200
defaultknifecamo1,weapon_defaultknifecamo1,energy_sword,#CSO2_ITEM_NAME_defaultknifecamo1_energy_sword,,,,0,,N,0,0,0,0,0,0,0,0
akm,weapon_akm,miku,#CSO2_ITEM_NAME_akm_miku,,,,0,AssaultRifle,SS,36,83,79,91,72,55,30,90
usas12,weapon_usas12,s12kmiku,#CSO2_ITEM_NAME_usas12_s12kmiku,,,,0,Shotgun,S,51,100,48,72,81,45,10,40
fal,weapon_fal,hk21lava,#CSO2_ITEM_NAME_fal_hk21lava,,,,0,AssaultRifle,SS,33,76,77,91,70,50,50,90
xm1014,weapon_xm1014,ksg12,#CSO2_ITEM_NAME_xm1014_ksg12,,,,0,Shotgun,N,52,100,48,76,81,45,12,32
m99railgun,weapon_m99railgun,thunderbolt,#CSO2_ITEM_NAME_m99railgun_thunderbolt,,,,0,SniperRifle,L,100,80,42,22,69,54,1,80
m16a2,weapon_m16a2,codm4a1,#CSO2_ITEM_NAME_m16a2_codm4a1,,,,0,AssaultRifle,N,30,85,88,91,70,88,30,90
m99railgun,weapon_m99railgun,thunderbolt_v6,#CSO2_ITEM_NAME_m99railgun_thunderbolt_v6,,,,0,SniperRifle,SS,100,80,42,22,69,54,1,80
default_knife,weapon_knife,bowie,#CSO2_ITEM_NAME_bowie,,,,0,,L,0,0,0,0,0,0,0,0
m4a1,weapon_m4a1,ironbeast,#CSO2_ITEM_NAME_m4a1_ironbeast,,,,0,AssaultRifle,SS,36,88,92,91,76,88,40,90
default_knife,weapon_knife,bowie_sapphire,#CSO2_ITEM_NAME_bowie_sapphire,,,,0,,S,0,0,0,0,0,0,0,0
default_knife,weapon_knife,bowie_rust,#CSO2_ITEM_NAME_bowie_rust,,,,0,,S,0,0,0,0,0,0,0,0
default_knife,weapon_knife,bowie_blackpearl,#CSO2_ITEM_NAME_bowie_blackpearl,,,,0,,S,0,0,0,0,0,0,0,0
qjy88,weapon_qjy88,csgo_negev,#CSO2_ITEM_NAME_qjy88_csgo_negev,,,,0,Machinegun,L,28,78,79,90,71,78,150,200
qjy88,weapon_qjy88,powerloader,#CSO2_ITEM_NAME_qjy88_powerloader,,,,0,Machinegun,S,28,78,79,90,71,78,150,200
qjy88,weapon_qjy88,mjolnir,#CSO2_ITEM_NAME_qjy88_mjolnir,,,,0,Machinegun,SS,28,78,79,90,71,78,150,200
default_knife,weapon_knife,butterfly_marblefade,#CSO2_ITEM_NAME_butterfly_marblefade,,,,0,,S,0,0,0,0,0,0,0,0
default_knife,weapon_knife,butterfly,#CSO2_ITEM_NAME_butterfly,,,,0,,L,0,0,0,0,0,0,0,0
default_knife,weapon_knife,butterfly_fade,#CSO2_ITEM_NAME_butterfly_fade,,,,0,,S,0,0,0,0,0,0,0,0
default_knife,weapon_knife,butterfly_fire,#CSO2_ITEM_NAME_butterfly_fire,,,,0,,S,0,0,0,0,0,0,0,0
default_knife,weapon_knife,butterfly_rainbow,#CSO2_ITEM_NAME_butterfly_rainbow,,,,0,,S,0,0,0,0,0,0,0,0
thompson,weapon_thompson,m1a1,#CSO2_ITEM_NAME_thompson_m1a1,,,,0,Submachinegun,L,26,75,91,90,85,84,30,100
mp5,weapon_mp5navy,mark2,#CSO2_ITEM_NAME_mp5mark2,,,,0,Submachinegun,L,23,79,92,92,85,80,30,120
lr300,weapon_lr300,dark_knight,#CSO2_ITEM_NAME_lr300_dark_knight,,,,0,AssaultRifle,L,38,90,90,91,78,84,50,90
m870,weapon_m870,spas12ex,#CSO2_ITEM_NAME_m870_spas12ex,,,,0,Shotgun,L,80,100,40,62,76,40,8,32
lr300,weapon_lr300,dark_knight_v6,#CSO2_ITEM_NAME_lr300_dark_knight_v6,,,,0,AssaultRifle,SSP,38,90,90,91,78,84,50,90
m14ebr,weapon_m14ebr,hk417,#CSO2_ITEM_NAME_m14ebr_hk417,,,,0,AssaultRifle,L,36,83,79,79,70,80,20,100
m14ebr,weapon_m14ebr,hk417_carbon,#CSO2_ITEM_NAME_m14ebr_hk417_carbon,,,,0,AssaultRifle,A,36,83,79,79,70,80,20,100
m14ebr,weapon_m14ebr,hk417_remains,#CSO2_ITEM_NAME_m14ebr_hk417_remains,,,,0,AssaultRifle,S,36,83,79,79,70,80,20,100
m14ebr,weapon_m14ebr,hk417_dragon,#CSO2_ITEM_NAME_m14ebr_hk417_dragon,,,,0,AssaultRifle,SS,36,83,79,79,70,80,20,100
k1,weapon_k1,aac,#CSO2_ITEM_NAME_k1_aac,,,,0,Submachinegun,N,30,70,85,90,85,70,30,90
famas,weapon_famas,famasg2,#CSO2_ITEM_NAME_famas_famasg2,,,,0,AssaultRifle,L,26,90,82,88,73,90,30,90
famas,weapon_famas,blackgold,#CSO2_ITEM_NAME_famas_blackgold,,,,0,AssaultRifle,S,26,90,82,88,73,90,30,90
famas,weapon_famas,neon,#CSO2_ITEM_NAME_famas_neon,,,,0,AssaultRifle,S,26,90,82,88,73,90,30,90
famas,weapon_famas,graffiti,#CSO2_ITEM_NAME_famas_graffiti,,,,0,AssaultRifle,S,26,90,82,88,73,90,30,90
famas,weapon_famas,hexagon,#CSO2_ITEM_NAME_famas_hexagon,,,,0,AssaultRifle,S,26,90,82,88,73,90,30,90
k5,weapon_k5,mk2,#CSO2_ITEM_NAME_k5_mk2,,,,0,Pistol,L,34,93,70,83,85,75,13,120
qsz92,weapon_qsz92,mk2,#CSO2_ITEM_NAME_qsz92_mk2,,,,0,Pistol,N,34,93,70,83,85,75,20,100
xm1014,weapon_xm1014,mk2,#CSO2_ITEM_NAME_xm1014_mk2,,,,0,Shotgun,L,52,100,48,76,81,45,7,32
dr200,weapon_dr200,zm21,#CSO2_ITEM_NAME_dr200_zm21,,,,0,AssaultRifle,L,32,80,86,91,70,72,30,90
dr200,weapon_dr200,sweet,#CSO2_ITEM_NAME_dr200_sweet,,,,0,AssaultRifle,S,32,80,86,91,70,72,30,90
sg550,weapon_sg550,skull5_anna,#CSO2_ITEM_NAME_sg550_skull5_anna,,,,0,SniperRifle,SS,78,83,79,79,70,80,24,100
deserteagle,weapon_deagle,deaglez,#CSO2_ITEM_NAME_deserteagle_deaglez,,,,0,Pistol,SS,47,45,70,81,85,40,8,35
kukriknife,weapon_kukriknife,bf1kukri,#CSO2_ITEM_NAME_kukriknife_bf1kukri,,,,0,,L,0,0,0,0,0,0,0,0
lr300,weapon_lr300,hk416,#CSO2_ITEM_NAME_lr300_hk416,,,,0,AssaultRifle,L,29,90,90,91,78,84,30,90
lr300,weapon_lr300,hk416_gold,#CSO2_ITEM_NAME_lr300_hk416_gold,,,,0,AssaultRifle,S,29,90,90,91,78,84,30,90
lr300,weapon_lr300,hk416_miku,#CSO2_ITEM_NAME_lr300_hk416_miku,,,,0,AssaultRifle,SS,36,90,90,91,78,84,30,90
m1911,weapon_m1911,m45,#CSO2_ITEM_NAME_m1911_m45,,,,0,Pistol,N,35,72,69,82,85,80,8,100
m1911,weapon_m1911,m45_silver,#CSO2_ITEM_NAME_m1911_m45_silver,,,,0,Pistol,S,35,72,69,82,85,80,8,100
m1911,weapon_m1911,m45_kill,#CSO2_ITEM_NAME_m1911_m45_kill,,,,0,Pistol,S,35,72,69,82,85,80,8,100
m1911,weapon_m1911,m45_eyes,#CSO2_ITEM_NAME_m1911_m45_eyes,,,,0,Pistol,SS,35,72,69,82,85,80,8,100
paw20,weapon_paw20,speargun,#CSO2_ITEM_NAME_paw20_speargun,,,,0,Machinegun,N,100,80,42,22,69,54,1,80
glock18,weapon_glock,glock19,#CSO2_ITEM_NAME_glock18_glock19,,,,0,Pistol,N,22,67,100,93,85,70,20,120
m16a2,weapon_m16a2,g36c,#CSO2_ITEM_NAME_m16a2_g36c,,,,0,AssaultRifle,N,30,85,88,91,70,88,30,90
k1,weapon_k1,hb,#CSO2_ITEM_NAME_k1_hb,,,,0,Submachinegun,N,30,70,85,90,85,70,30,90
m14ebr,weapon_m14ebr,m14,#CSO2_ITEM_NAME_m14ebr_m14,,,,0,AssaultRifle,L,36,83,79,79,70,80,20,100
mk18,weapon_mk18,mk11,#CSO2_ITEM_NAME_mk18_mk11,,,,0,AssaultRifle,L,29,88,92,91,76,88,30,90
candlexmas,weapon_candlexmas,genji,#CSO2_ITEM_NAME_candlexmas_genji,,,,0,,SS,0,0,0,0,0,0,0,0
m16a2,weapon_m16a2,m16a3,#CSO2_ITEM_NAME_m16a2_m16a3,,,,0,AssaultRifle,N,30,85,88,91,70,88,30,90
m16a2,weapon_m16a2,m16a3_flag,#CSO2_ITEM_NAME_m16a3_flag,,,,0,AssaultRifle,A,30,85,88,91,70,88,30,90
m16a2,weapon_m16a2,m16a3_flag_old,#CSO2_ITEM_NAME_m16a3_flag_old,,,,0,AssaultRifle,A,30,85,88,91,70,88,30,90
m16a2,weapon_m16a2,m16a3_ghost,#CSO2_ITEM_NAME_m16a3_ghost,,,,0,AssaultRifle,A,30,85,88,91,70,88,30,90
acr,weapon_acr,mk42,#CSO2_ITEM_NAME_acr_mk42,,,,0,AssaultRifle,SSP,29,90,91,91,75,88,30,90
ar57,weapon_ar57,skull3,#CSO2_ITEM_NAME_ar57_skull3,,,,0,Submachinegun,L,25,74,90,92,85,80,70,120
m249,weapon_m249,phoenix,#CSO2_ITEM_NAME_m249_phoenix,,,,0,Machinegun,SS,36,78,79,70,75,78,100,200
elites,weapon_elite,skull2_blood,#CSO2_ITEM_NAME_elites_skull2_blood,,,,0,Pistol,SS,47,68,70,87,85,60,14,35
ar57,weapon_ar57,skull3_blood,#CSO2_ITEM_NAME_ar57_skull3_blood,,,,0,Submachinegun,SS,25,74,90,92,85,80,70,120
lr300,weapon_lr300,catgun,#CSO2_ITEM_NAME_lr300_catgun,,,,0,AssaultRifle,L,29,90,90,91,78,84,30,90
g3sg1,weapon_g3sg1,hkg28,#CSO2_ITEM_NAME_g3sg1_hkg28,,,,0,SniperRifle,L,70,55,72,83,67,55,20,90
m60steam,weapon_m60steam,gatlinggun,#CSO2_ITEM_NAME_m60steam_gatlinggun,,,,0,Machinegun,SS,28,79,79,95,50,75,210,200
m60steam,weapon_m60steam,gatlinggun2,#CSO2_ITEM_NAME_m60steam_gatlinggun2,,,,0,Machinegun,SS,28,79,79,95,50,75,210,200
m60steam,weapon_m60steam,gatlinggun3,#CSO2_ITEM_NAME_m60steam_gatlinggun3,,,,0,Machinegun,SS,28,79,79,95,50,75,210,200
usas12,weapon_usas12,hellfire,#CSO2_ITEM_NAME_usas12_hellfire,,,,0,Shotgun,L,51,100,48,72,81,45,8,40
deserteagle,weapon_deagle,rabbit,#CSO2_ITEM_NAME_DesertEagle_rabbit,,,,0,Pistol,S,47,45,70,81,85,40,7,35
candlexmas,weapon_candlexmas,whitekatana,#CSO2_ITEM_NAME_candlexmas_whitekatana,,,,0,,SS,0,0,0,0,0,0,0,0
krisssuperv,weapon_krisssuperv,heaven,#CSO2_ITEM_NAME_krisssuperv_heaven,,,,0,Submachinegun,S,28,76,92,91,85,86,25,100
elites,weapon_elite,duzip,#CSO2_ITEM_NAME_elites_duzip,,,,0,Pistol,N,28,68,70,87,85,60,50,120
elites,weapon_elite,maul,#CSO2_ITEM_NAME_elites_maul,,,,0,Pistol,N,50,68,70,87,85,60,12,120
elites,weapon_elite,infinityex1,#CSO2_ITEM_NAME_elites_infinityex1,,,,0,Pistol,N,28,68,70,87,85,60,40,120
scout,weapon_scout,m24,#CSO2_ITEM_NAME_Scout_m24,,,,0,SniperRifle,N,85,88,70,36,90,60,10,90
scout,weapon_scout,m24_transgear,#CSO2_ITEM_NAME_Scout_m24_transgear,,,,0,SniperRifle,S,85,88,70,36,90,60,10,90
mp7,weapon_mp7,dmp7,#CSO2_ITEM_NAME_MP7_dmp7,,,,0,Submachinegun,N,29,74,90,92,85,80,80,120
mp7,weapon_mp7,unicorn,#CSO2_ITEM_NAME_MP7_unicorn,,,,0,Submachinegun,L,25,74,90,92,85,80,40,120
elites,weapon_elite,ddep,#CSO2_ITEM_NAME_elites_ddep,,,,0,Pistol,N,47,68,70,87,85,60,28,35
k2c,weapon_k2c,ak47long,#CSO2_ITEM_NAME_k2c_ak47long,,,,0,AssaultRifle,N,34,91,88,89,80,68,60,90
awmgauss,weapon_awmgauss,zgun,#CSO2_ITEM_NAME_awmgauss_zgun,,,,0,SniperRifle,L,100,100,70,26,67,50,10,30
m60steam,weapon_m60steam,m134ex,#CSO2_ITEM_NAME_m60steam_m134ex,,,,0,Machinegun,L,28,79,79,95,50,75,200,200
m249,weapon_m249,phoenix2,#CSO2_ITEM_NAME_m249_phoenix2,,,,0,Machinegun,SS,36,78,79,70,75,78,100,200
m60steam,weapon_m60steam,m134ex2,#CSO2_ITEM_NAME_m60steam_m134ex2,,,,0,Machinegun,S,28,79,79,95,50,75,200,200
k5,weapon_k5,gs9mm,#CSO2_ITEM_NAME_k5_gs9mm,,,,0,Pistol,L,34,93,70,83,85,75,13,120
g3sg1,weapon_g3sg1,crossbowex,#CSO2_ITEM_NAME_g3sg1_crossbowex,,,,0,SniperRifle,N,61,62,76,83,67,50,50,90
g3sg1,weapon_g3sg1,crossbowex_v6,#CSO2_ITEM_NAME_g3sg1_crossbowex_v6,,,,0,SniperRifle,SS,61,62,76,83,67,50,50,90
usas12,weapon_usas12,volcano,#CSO2_ITEM_NAME_usas12_volcano,,,,0,Shotgun,L,51,100,48,72,81,45,40,60
usas12,weapon_usas12,volcano_v6,#CSO2_ITEM_NAME_usas12_volcano_v6,,,,0,Shotgun,SS,51,100,48,72,81,45,40,60
ak12,weapon_ak12,ak16,#CSO2_ITEM_NAME_ak12_ak16,,,,0,AssaultRifle,L,35,86,83,91,73,60,30,90
m870,weapon_m870,m870t,#CSO2_ITEM_NAME_m870_m870t,,,,0,Shotgun,L,80,100,40,62,76,40,8,32
m16a4,weapon_m16a4,police,#CSO2_ITEM_NAME_m16a4_police,,,,0,AssaultRifle,SS,34,92,90,86,70,86,30,90
galilsniper,weapon_galilsniper,izanagis,#CSO2_ITEM_NAME_galilsniper_izanagis,,,,0,SniperRifle,SSP,100,62,76,83,67,50,5,90
k12,weapon_k12,xenophage,#CSO2_ITEM_NAME_k12_xenophage,,,,0,Machinegun,SS,100,80,42,22,69,54,50,200
ak47,weapon_ak47,paladin,#CSO2_ITEM_NAME_ak47_paladin,,,,0,AssaultRifle,L,31,83,79,91,72,55,30,90
akm,weapon_akm,overlord,#CSO2_ITEM_NAME_akm_overlord,,,,0,AssaultRifle,L,38,90,90,91,78,84,50,90
akm,weapon_akm,overlord_v6,#CSO2_ITEM_NAME_akm_overlord_v6,,,,0,AssaultRifle,SSP,38,90,90,91,78,84,50,90
m16a4m203,weapon_m16a4m203,svdex,#CSO2_ITEM_NAME_m16a4m203_svdex,,,,0,AssaultRifle,N,100,92,90,86,70,86,20,90
galilsniper,weapon_galilsniper,scarsqs,#CSO2_ITEM_NAME_galilsniper_scarsqs,,,,0,SniperRifle,SS,68,55,72,84,67,55,20,100
svd,weapon_svd,xm109,#CSO2_ITEM_NAME_svd_xm109,,,,0,SniperRifle,L,100,95,62,57,70,75,10,90
svd,weapon_svd,xm109_v2,#CSO2_ITEM_NAME_svd_xm109_v2,,,,0,SniperRifle,SS,100,95,62,57,70,75,10,90
gilboasnake,weapon_gilboasnake,techzb,#CSO2_ITEM_NAME_gilboasnake_techzb,,,,0,AssaultRifle,SSP,29,85,85,91,70,76,60,90
mk23,weapon_mk23,desperado,#CSO2_ITEM_NAME_mk23_desperado,,,,0,Pistol,N,32,78,70,90,85,80,7,100
mp5,weapon_mp5navy,mp5k,#CSO2_ITEM_NAME_mp5k,,,,0,Submachinegun,L,25,79,96,96,85,80,30,120
mp5,weapon_mp5navy,mp5k_sa,#CSO2_ITEM_NAME_mp5k_sa,,,,0,Submachinegun,SS,25,79,96,96,85,80,30,120
mk18,weapon_mk18,codfate,#CSO2_ITEM_NAME_mk18_codfate,,,,0,AssaultRifle,SSP,38,90,90,91,78,84,50,90
m4a1,weapon_m4a1,sa2,#CSO2_ITEM_NAME_m4a1_sa2,,,,0,AssaultRifle,L,29,88,92,91,76,88,30,90
usas12,weapon_usas12,x12cb,#CSO2_ITEM_NAME_usas12_x12cb,,,,0,Shotgun,SS,51,100,48,72,81,45,30,60
dbarrel,weapon_dbarrel,cannon,#CSO2_ITEM_NAME_dbarrel_cannon,,,,0,Shotgun,N,100,100,33,17,80,37,2,36
ump45,weapon_ump45,ar2,#CSO2_ITEM_NAME_ump45_ar2,,,,0,Submachinegun,L,24,75,91,90,85,84,25,100
default_knife,weapon_knife,m9bay,#CSO2_ITEM_NAME_m9bay,,,,0,,L,0,0,0,0,0,0,0,0
k12,weapon_k12,hk23e,#CSO2_ITEM_NAME_k12_hk23e,,,,0,Machinegun,L,28,78,79,90,71,78,150,200
k12,weapon_k12,hk23e_camo,#CSO2_ITEM_NAME_k12_hk23e_camo,,,,0,Machinegun,SS,28,78,79,90,71,78,150,200
mk18,weapon_mk18,codfate_black,#CSO2_ITEM_NAME_mk18_codfate_black,,,,0,AssaultRifle,SSP,38,90,90,91,78,84,50,90
mk18,weapon_mk18,codfate_white,#CSO2_ITEM_NAME_mk18_codfate_white,,,,0,AssaultRifle,SSP,38,90,90,91,78,84,50,90
default_knife,weapon_knife,m9bay_nebula,#CSO2_ITEM_NAME_m9bay_nebula,,,,0,,S,0,0,0,0,0,0,0,0
default_knife,weapon_knife,m9bay_fade,#CSO2_ITEM_NAME_m9bay_fade,,,,0,,S,0,0,0,0,0,0,0,0
default_knife,weapon_knife,m9bay_fire,#CSO2_ITEM_NAME_m9bay_fire,,,,0,,S,0,0,0,0,0,0,0,0
default_knife,weapon_knife,m9bay_crimsonweb,#CSO2_ITEM_NAME_m9bay_crimsonweb,,,,0,,S,0,0,0,0,0,0,0,0
elites,weapon_elite,skull2_plasma,#CSO2_ITEM_NAME_elites_skull2_plasma,,,,0,Pistol,SS,47,68,70,87,85,60,14,35
defaultknifecamo1,weapon_defaultknifecamo1,nata_v6,#CSO2_ITEM_NAME_defaultknifecamo1_nata_v6,,,,0,,S,0,0,0,0,0,0,0,0
m3,weapon_m3,m1887_elegant,#CSO2_ITEM_NAME_m3_m1887_elegant,,,,0,Shotgun,S,68,97,37,70,90,37,8,32
qjy88,weapon_qjy88,chainsaw_v6,#CSO2_ITEM_NAME_qjy88_chainsaw_v6,,,,0,Machinegun,SS,26,80,81,89,70,81,200,200
dbarrel,weapon_dbarrel,cannon_v6,#CSO2_ITEM_NAME_dbarrel_cannon_v6,,,,0,Shotgun,SS,100,100,33,17,80,37,2,36
mk23,weapon_mk23,desperado_v6,#CSO2_ITEM_NAME_mk23_desperado_v6,,,,0,Pistol,SSP,32,78,70,90,85,80,7,100
candlexmas,weapon_candlexmas,breaker_v6,#CSO2_ITEM_NAME_candlexmas_breaker_v6,,,,0,,SS,0,0,0,0,0,0,0,0
mk18pulse,weapon_mk18pulse,senpai,#CSO2_ITEM_NAME_mk18pulse_senpai,,,,0,AssaultRifle,SS,29,88,92,91,76,88,30,90
mk23,weapon_mk23,desperado_paint,#CSO2_ITEM_NAME_mk23_desperado_paint,,,,0,Pistol,SSP,32,78,70,90,85,80,7,100
qbs09,weapon_qbs09,balrog11,#CSO2_ITEM_NAME_qbs09_balrog11,,,,0,Shotgun,SS,65,100,48,76,81,45,7,32
scarh,weapon_scarh,balrog5,#CSO2_ITEM_NAME_scarH_balrog5,,,,0,AssaultRifle,SS,35,85,82,91,76,76,40,100
crowbar,weapon_crowbar,balrog9,#CSO2_ITEM_NAME_Crowbar_balrog9,,,,0,,SS,0,0,0,0,0,0,0,0
mac10,weapon_mac10,smg_mac10_1,#CSO2_ITEM_NAME_MAC10_smg_mac10_1,,,,0,Submachinegun,L,25,72,81,92,85,85,30,100
mac10,weapon_mac10,smg_mac10_nacre,#CSO2_ITEM_NAME_MAC10_smg_mac10_nacre,,,,0,Submachinegun,S,25,72,81,92,85,85,30,100
mac10,weapon_mac10,smg_mac10_neonrider,#CSO2_ITEM_NAME_MAC10_smg_mac10_neonrider,,,,0,Submachinegun,S,25,72,81,92,85,85,30,100
tmp,weapon_tmp,smg_mp9,#CSO2_ITEM_NAME_Tmp_smg_mp9,,,,0,Submachinegun,L,17,73,83,92,85,90,30,120
tmp,weapon_tmp,smg_mp9_starlight,#CSO2_ITEM_NAME_Tmp_smg_mp9_starlight,,,,0,Submachinegun,S,17,73,83,92,85,90,30,120
tmp,weapon_tmp,smg_mp9_wildlily,#CSO2_ITEM_NAME_Tmp_smg_mp9_wildlily,,,,0,Submachinegun,S,17,73,83,92,85,90,30,120
k5,weapon_k5,dbalrog,#CSO2_ITEM_NAME_k5_dbalrog,,,,0,Pistol,SS,34,93,70,83,85,75,40,120
f2000,weapon_f2000,bow,#CSO2_ITEM_NAME_F2000_bow,,,,0,AssaultRifle,N,29,87,90,91,74,88,30,90
f2000,weapon_f2000,bow_v6,#CSO2_ITEM_NAME_F2000_bow_v6,,,,0,AssaultRifle,SS,29,87,90,91,74,88,30,90
crowbar,weapon_crowbar,skull9,#CSO2_ITEM_NAME_crowbar_skull9,,,,0,,N,0,0,0,0,0,0,0,0
crowbar,weapon_crowbar,skull9_v6,#CSO2_ITEM_NAME_crowbar_skull9_v6,,,,0,,SS,0,0,0,0,0,0,0,0
hegrenade,weapon_hegrenade,kleebomb,#CSO2_ITEM_NAME_heartgrenade_kleebomb,,,,0,,N,80,0,0,0,0,0,0,0
ak12,weapon_ak12,ak117ss,#CSO2_ITEM_NAME_ak12_ak117ss,,,,0,AssaultRifle,SSP,35,86,83,91,73,60,30,90
ak12,weapon_ak12,ak117ss_beacon,#CSO2_ITEM_NAME_ak12_ak117ss_beacon,,,,0,AssaultRifle,SSP,35,86,83,91,73,60,30,90
ak12,weapon_ak12,ak117ss_ice,#CSO2_ITEM_NAME_ak12_ak117ss_ice,,,,0,AssaultRifle,SSP,35,86,83,91,73,60,30,90
fal,weapon_fal,guitar,#CSO2_ITEM_NAME_fal_guitar,,,,0,AssaultRifle,L,33,76,77,91,70,50,50,90
thompson,weapon_thompson,tempest,#CSO2_ITEM_NAME_thompson_tempest,,,,0,Submachinegun,L,26,75,91,90,85,84,30,100
dr200,weapon_dr200,blaseter,#CSO2_ITEM_NAME_dr200_blaseter,,,,0,AssaultRifle,SS,32,80,86,91,70,72,30,90
candlexmas,weapon_candlexmas,raidenshogun_katana,#CSO2_ITEM_NAME_candlexmas_raidenshogun_katana,,,,0,,SS,0,0,0,0,0,0,0,0
krisssuperv,weapon_krisssuperv,dualkrisshero,#CSO2_ITEM_NAME_krisssuperv_dualkrisshero,,,,0,Submachinegun,N,28,76,92,91,85,86,25,100
krisssuperv,weapon_krisssuperv,tina3rd,#CSO2_ITEM_NAME_krisssuperv_tina3rd,,,,0,Submachinegun,S,28,76,92,91,85,86,25,100
csls06,weapon_csls06,csgo_ppbizon_spacecat,#CSO2_ITEM_NAME_csls06_csgo_ppbizon_spacecat,,,,0,Submachinegun,S,15,65,91,92,85,89,64,100
mac10,weapon_mac10,smg_mac10_stalker,#CSO2_ITEM_NAME_MAC10_smg_mac10_stalker,,,,0,Submachinegun,S,25,72,81,92,85,85,30,100
p90,weapon_p90,grim,#CSO2_ITEM_NAME_P90_grim,,,,0,Submachinegun,S,18,68,91,92,83,89,50,100
tmp,weapon_tmp,smg_mp9_hydra,#CSO2_ITEM_NAME_Tmp_smg_mp9_hydra,,,,0,Submachinegun,S,17,73,83,92,85,90,30,120
default_knife,weapon_knife,butterfly_glowdark,#CSO2_ITEM_NAME_butterfly_glowdark,,,,0,,S,0,0,0,0,0,0,0,0
default_knife,weapon_knife,m9bay_glowdark,#CSO2_ITEM_NAME_m9bay_glowdark,,,,0,,S,0,0,0,0,0,0,0,0
f2000,weapon_f2000,skull4,#CSO2_ITEM_NAME_F2000_skull4,,,,0,AssaultRifle,N,39,87,90,91,74,88,30,90
f2000,weapon_f2000,skull4_v6,#CSO2_ITEM_NAME_F2000_skull4_v6,,,,0,AssaultRifle,SS,39,87,90,91,74,88,30,90
mk18pulse,weapon_mk18pulse,ikun,#CSO2_ITEM_NAME_mk18pulse_ikun,,,,0,AssaultRifle,SS,29,88,92,91,76,88,30,90
crowbar,weapon_crowbar,dark_spirit,#CSO2_ITEM_NAME_crowbar_dark_spirit,,,,0,,SSP,0,0,0,0,0,0,0,0
mg3,weapon_mg3,m2devastator,#CSO2_ITEM_NAME_mg3_m2devastator,,,,0,Machinegun,SSP,30,60,74,95,68,72,150,200
m16a4m203,weapon_m16a4m203,xtracker,#CSO2_ITEM_NAME_m16a4m203_xtracker,,,,0,AssaultRifle,SSP,100,92,90,86,70,86,20,90
m107A1,weapon_m107a1,freedom,#CSO2_ITEM_NAME_m107a1_freedom,,,,0,SniperRifle,SSP,100,80,42,40,69,54,10,50
fnc,weapon_fnc,Krig6_dragon,#CSO2_ITEM_NAME_FNC_Krig6_dragon,,,,0,AssaultRifle,SSP,38,85,88,91,70,79,50,90
m3grease,weapon_m3grease,r99,#CSO2_ITEM_NAME_m3grease_r99,,,,0,Submachinegun,L,27,72,81,92,85,85,30,100
mx4,weapon_mx4,car,#CSO2_ITEM_NAME_mx4_car,,,,0,Submachinegun,L,26,79,94,92,85,82,30,120
m870,weapon_m870,mastiff,#CSO2_ITEM_NAME_m870_mastiff,,,,0,Shotgun,N,89,100,40,62,76,40,8,32
tmp,weapon_tmp,smg_mp9_printstream,#CSO2_ITEM_NAME_Tmp_smg_mp9_printstream,,,,0,Submachinegun,S,17,73,83,92,85,90,30,120
m4a1,weapon_m4a1,printstream,#CSO2_ITEM_NAME_m4a1_printstream,,,,0,AssaultRifle,S,29,88,92,91,76,88,30,90
m870,weapon_m870,mastiff_storm,#CSO2_ITEM_NAME_m870_mastiff_storm,,,,0,Shotgun,S,89,100,40,62,76,40,8,32
csls06,weapon_csls06,csgo_ppbizon_printstream,#CSO2_ITEM_NAME_csls06_csgo_ppbizon_printstream,,,,0,Submachinegun,S,15,65,91,92,85,89,64,100
mx4,weapon_mx4,car_printstream,#CSO2_ITEM_NAME_mx4_car_printstream,,,,0,Submachinegun,S,26,79,94,92,85,82,30,120
m3grease,weapon_m3grease,r99_printstream,#CSO2_ITEM_NAME_m3grease_r99_printstream,,,,0,Submachinegun,S,27,72,81,92,85,85,30,100
krisssuperv,weapon_krisssuperv,af_dualkriss,#CSO2_ITEM_NAME_krisssuperv_af_dualkriss,,,,0,Submachinegun,SS,28,76,92,91,85,86,25,100
m3grease,weapon_m3grease,r99ss,#CSO2_ITEM_NAME_m3grease_r99ss,,,,0,Submachinegun,SS,28,72,81,92,85,85,28,100
hegrenade,weapon_hegrenade,chickenbomb,#CSO2_ITEM_NAME_heartgrenade_chickenbomb,,,,0,,N,80,0,0,0,0,0,0,0
default_knife,weapon_knife,rgx2knife,#CSO2_ITEM_NAME_rgx2knife,,,,0,,N,0,0,0,0,0,0,0,0
t91,weapon_t91,ironwolf,#CSO2_ITEM_NAME_t91_ironwolf,,,,0,AssaultRifle,SSP,32,84,88,91,70,78,45,90
t86,weapon_t86,havoc,#CSO2_ITEM_NAME_t86_havoc,,,,0,AssaultRifle,N,29,89,82,90,70,88,30,90
t86,weapon_t86,havoc_rb,#CSO2_ITEM_NAME_t86_havoc_rb,,,,0,AssaultRifle,SS,29,89,82,90,70,88,30,90
m3grease,weapon_m3grease,r99_sakra,#CSO2_ITEM_NAME_m3grease_r99_sakra,,,,0,Submachinegun,S,27,72,81,92,85,85,30,100
m3grease,weapon_m3grease,r99_sakra2,#CSO2_ITEM_NAME_m3grease_r99_sakra2,,,,0,Submachinegun,S,27,72,81,92,85,85,30,100
default_knife,weapon_knife,butterfly_sakra,#CSO2_ITEM_NAME_butterfly_sakra,,,,0,,S,0,0,0,0,0,0,0,0
default_knife,weapon_knife,karambit_sakra,#CSO2_ITEM_NAME_karambit_sakra,,,,0,,S,0,0,0,0,0,0,0,0
m4a1,weapon_m4a1,cfqqm4,#CSO2_ITEM_NAME_m4a1_cfqqm4,,,,0,AssaultRifle,SSP,36,88,92,91,76,88,40,90
fal,weapon_fal,dadagun,#CSO2_ITEM_NAME_fal_dadagun,,,,0,AssaultRifle,N,33,76,77,91,70,50,50,90
t65,weapon_t65,r301,#CSO2_ITEM_NAME_t65_r301,,,,0,AssaultRifle,N,29,83,88,91,70,78,30,90
t65,weapon_t65,r301_cg,#CSO2_ITEM_NAME_t65_r301_cg,,,,0,AssaultRifle,SS,29,83,88,91,70,78,30,90
ar57,weapon_ar57,dualuzi,#CSO2_ITEM_NAME_ar57_dualuzi,,,,0,Submachinegun,N,25,74,90,92,85,80,70,120
ar57,weapon_ar57,dualuzi_v6,#CSO2_ITEM_NAME_ar57_dualuzi_v6,,,,0,Submachinegun,SS,25,74,90,92,85,80,70,120
xt97,weapon_xt97,vk47_flatlinev,#CSO2_ITEM_NAME_xt97_vk47_flatlinev,,,,0,AssaultRifle,SS,29,90,88,90,80,67,30,90
waltherpp,weapon_waltherpp,alternatorboost,#CSO2_ITEM_NAME_waltherpp_alternatorboost,,,,0,Pistol,SS,23,92,32,61,76,80,7,84
pkmfire,weapon_pkmfire,spitfire,#CSO2_ITEM_NAME_pkmfire_spitfire,,,,0,Machinegun,N,33,81,70,87,68,80,120,200
pkmfire,weapon_pkmfire,spitfire_sakra,#CSO2_ITEM_NAME_pkmfire_spitfire_sakra,,,,0,Machinegun,SS,33,81,70,87,68,80,120,200
xt97,weapon_xt97,vk47_flatlinev2,#CSO2_ITEM_NAME_xt97_vk47_flatlinev2,,,,0,AssaultRifle,N,29,90,88,90,80,67,30,90
mx4,weapon_mx4,xyump45,#CSO2_ITEM_NAME_mx4_xyump45,,,,0,Submachinegun,N,26,79,94,92,85,82,30,120
mx4,weapon_mx4,mhuzi,#CSO2_ITEM_NAME_mx4_mhuzi,,,,0,Submachinegun,N,26,79,94,92,85,82,30,120
kukriknife,weapon_kukriknife,kunai,#CSO2_ITEM_NAME_kukriknife_kunai,,,,0,,N,0,0,0,0,0,0,0,0
thompson,weapon_thompson,wandou,#CSO2_ITEM_NAME_thompson_wandou,,,,0,Submachinegun,N,26,75,91,90,85,84,30,100
usas12,weapon_usas12,damogu,#CSO2_ITEM_NAME_usas12_damogu,,,,0,Shotgun,N,51,100,48,72,81,45,40,60
g3ka4,weapon_g3ka4,nemesis,#CSO2_ITEM_NAME_g3ka4_nemesis,,,,0,AssaultRifle,SSP,33,81,70,87,68,80,50,200
,,,,,,,,,,,,,,,,,
,,,,,,,,,,,,,,,,,
// 扼捞橇 酒捞袍,,,,,,,,,,,,,,,,,
toyhammer,weapon_toyhammer,basic,#CSO2_ITEM_NAME_toyhammer,,Toyhammer,,0,,N,0,0,0,0,0,0,0,0
lr300,weapon_lr300,basic,#CSO2_ITEM_NAME_lr300,,,,0,AssaultRifle,N,29,90,90,91,78,84,30,90